OBJECTID,PARCEL_SYS,PARCEL_TYP,PARCEL_LAB,PARCEL_NM,REVERSION_,OWN_RIGHT_,SURFACE_RI,MINERAL_RI,TIMBER_RIG,SURFACE_TR,MINERAL_TR,TIMBER_TRU,OWNER_AGEN,STEWARD_AG,MANAGER_AG,TIMBER_OWN,TIMBER_EXP,ORIGINAL_P,COUNTY_JUR,COUNTY_PAR,REGION_JUR,HCP_JURISD,HCP_DESG_C,HCP_DESG_D,HCP_WITHDR,PARCEL_DES,EDIT_DATE,EDIT_STATU,EDIT_WHO,EASEMENT_T,PARCEL_ACQ,PARCEL_DIS,SHAPE.AREA,SHAPE.LEN
3307,11139,1,,,N,N,N,Y,N,"0","3","0",58706,63986,63986,,,,10,,2300,,"2",,1997/01/30 03:00:00.000,,2011/06/29 03:00:00.000,"1",jdug490,,,,3663339.748800000641495,8044.073752567950578
1640,12341,1,,,N,N,Y,Y,Y,"3","3","3",58706,63986,63986,,,,24,,2300,,"2",,1997/01/30 03:00:00.000,,2011/06/29 03:00:00.000,"1",jdug490,,,,27661267.861530002206564,21140.282882874798815
10829,12340,1,,,N,N,Y,Y,Y,"3","3","3",58706,63986,63986,,,,24,,2300,,"2",,1997/01/30 03:00:00.000,,2011/06/29 03:00:00.000,"1",jdug490,,,,27963017.207409996539354,21118.240480859501986
15039,12390,1,,,N,N,Y,Y,Y,"3","3","3",58706,63986,63986,,,,24,,2300,,"2",,1997/01/30 03:00:00.000,,2019/09/18 20:14:11.000,"1",TSTE490,,US PATENT NO 46-70-0054,,28122271.011927500367165,21208.804269805899821
16328,12388,1,,,N,N,Y,Y,Y,"3","3","3",58706,63986,63986,,,,24,,2300,,"2",,1997/01/30 03:00:00.000,,2019/01/02 20:14:47.000,"1",TSTE490,,,,13987739.890228999778628,15859.522355715800586
16332,12342,1,,,N,N,Y,Y,Y,"3","3","3",58706,63986,63986,,,,24,,2300,,"2",,1997/01/30 03:00:00.000,,2019/01/02 20:14:47.000,"1",TSTE490,,US PATENT NO 46-70-0054,,27755128.182654999196529,21051.784964631297044
16634,12387,1,,,N,N,Y,Y,Y,"3","3","3",58706,63986,63986,,,,24,,2300,,"2",,1997/01/30 03:00:00.000,,2019/01/02 20:14:47.000,"1",TSTE490,,,,13903634.300791500136256,15894.121873855800004
16673,12389,1,,,N,N,Y,Y,Y,"3","3","3",58706,63986,63986,,,,24,,2300,,"2",,1997/01/30 03:00:00.000,,2019/01/02 20:14:47.000,"1",TSTE490,,,,7000159.314426999539137,10582.830613225800334
17303,12339,1,,,N,N,Y,Y,Y,"3","3","3",58706,63986,63986,,,,24,,2300,,"2",,1997/01/30 03:00:00.000,,2023/03/30 19:25:21.000,"1",TSTE490,,,,27242465.530338998883963,20999.228327031301887
5632,2534,1,,,N,N,Y,Y,Y,"6","6","6",58706,63986,63986,,,,26,,2300,,"2",,1997/01/30 03:00:00.000,,2013/06/12 14:32:37.000,"1",JDUG490,,CLEAR LIST 11 CEP&RI,,3535505.938273500185460,7967.022008162660313
7996,2533,1,,,N,N,Y,Y,Y,"6","6","6",58706,63986,63986,,,,26,,2300,,"2",,1997/01/30 03:00:00.000,,2022/11/30 19:39:50.000,"1",TSTE490,,CLEAR LIST 11 CEP&RI,,1753833.267561000073329,5297.849072352009898
17735,2535,1,,,N,N,N,Y,N,"0","6","0",58706,63986,63986,,,,26,,2300,,"2",,1997/01/30 03:00:00.000,,2022/11/30 19:39:50.000,"1",TSTE490,,CLEAR LIST 11 CEP&RI,,23173651.028742499649525,23978.658956739400310
18599,113058,1,,,N,N,N,Y,N,"0","3","0",58706,63986,63986,,,,37,,1900,,"2",1997/01/30 03:00:00.000,2008/09/19 03:00:00.000,,2012/09/07 23:05:29.000,"0",CADASTRE_GDB,,US PATENT NO 46-70-0087,,5419484.457964999601245,10648.057803335601420
9176,2002,1,,,N,N,N,Y,N,"0","3","0",58706,63986,63986,,,,37,,1900,,"2",,1997/01/30 03:00:00.000,,2011/06/29 03:00:00.000,"1",jdug490,,US PATENT NO 46-70-0087,,17547808.792220000177622,21153.862925135701516
4375,6229,1,,,N,N,Y,Y,Y,"3","3","3",58706,63986,63986,,,,5,,200,,"1",1997/01/30 03:00:00.000,,,2011/06/29 03:00:00.000,"1",jdug490,,,,659551.233510000049137,3672.033233617050428
1062,6228,1,,,N,N,N,Y,N,"0","3","0",58706,63986,63986,,,,5,,200,,"2",,1997/01/30 03:00:00.000,,2011/06/29 03:00:00.000,"1",jdug490,,US PATENT NO 46-72-0050,,521722.677199999976438,3480.467427811110610
8144,325,1,,,N,N,N,Y,N,"0","3","0",58706,63986,63986,,,,17,,900,,"2",,1997/01/30 03:00:00.000,,2018/08/08 20:10:58.000,"1",TSTE490,,US PATENT NO 46-70-0069,,20571004.670242499560118,20959.440897871194466
17845,2134,1,,,N,N,Y,Y,Y,"1","1","1",58706,63986,63986,,,,37,,1900,,"1",1997/01/30 03:00:00.000,,,2023/10/18 19:32:34.000,"1",TSTE490,,WHATCOM COUNTY FOREST BOARD LAND,,10412397.576171999797225,15795.919696068500343
3466,9032,1,,,N,N,N,Y,N,"0","3","0",58706,63986,63986,,,,18,,900,,"2",,1997/01/30 03:00:00.000,,2011/06/29 03:00:00.000,"0",jdug490,,US PATENT NO 46-73-0056,,2420069.564094999805093,7995.780638618860394
1042,9033,1,,,N,N,N,Y,N,"0","3","0",58706,63986,63986,,,,18,,900,,"2",,1997/01/30 03:00:00.000,,2011/06/29 03:00:00.000,"1",jdug490,,US PATENT NO 46-73-0056,,1758892.694212999893352,5305.015208986469588
9082,9030,1,,,N,N,N,Y,N,"0","3","0",58706,63986,63986,,,,18,,900,,"2",,1997/01/30 03:00:00.000,,2011/06/29 03:00:00.000,"1",jdug490,,US PATENT NO 46-73-0056,,1793945.252207499928772,5357.594209637840322
4329,1455,1,,,N,N,N,Y,N,"0","3","0",58706,63986,63986,,,,29,,1900,,"2",,1997/01/30 03:00:00.000,,2011/06/29 03:00:00.000,"1",jdug490,,US PATENT NO 46-70-0090,,1700717.774612999986857,5217.454330018960718
6021,12763,1,,,N,N,Y,Y,Y,"3","3","3",58706,63986,63986,,,,29,,1900,,"1",1997/01/30 03:00:00.000,,,2013/02/25 20:18:16.000,"1",JDUG490,,,,6825519.383488499559462,10450.583899735300292
10938,1456,1,,,N,N,N,Y,N,"0","3","0",58706,63986,63986,,,,29,,1900,,"2",,1997/01/30 03:00:00.000,,2011/06/29 03:00:00.000,"1",jdug490,,US PATENT NO 46-70-0090,,1752228.372025999939069,5295.207751319690033
11957,120271,1,,,N,N,N,Y,N,"0","3","0",58706,63986,63986,,,,29,,1900,,"1",1997/01/30 03:00:00.000,,,2021/07/21 19:44:09.000,"1",TSTE490,,US PATENT NO 46-70-0090,,22890718.512337498366833,28310.346398564801348
5565,9272,1,,,N,N,N,Y,N,"0","3","0",58706,63986,63986,,,,23,,900,,"2",,1997/01/30 03:00:00.000,,2012/06/22 20:30:58.000,"1",SDE,,US PATENT NO 46-71-0004,,24200790.064791999757290,23645.162162104101299
2507,4538,1,,,N,N,Y,Y,Y,"3","3","3",58706,63986,63986,,,,33,,2300,,"2",,1997/01/30 03:00:00.000,,2011/06/29 03:00:00.000,"1",jdug490,,,,1573903.651099999900907,5028.444587960360877
4545,4311,1,,,N,N,Y,Y,Y,"3","3","3",58706,63986,63986,,,,33,,2300,,"2",,1997/01/30 03:00:00.000,,2011/06/29 03:00:00.000,"1",jdug490,,,,6279757.104861999861896,14026.953611340401039
9797,4310,1,,,N,N,Y,Y,Y,"3","3","3",58706,63986,63986,,,,33,,2300,,"2",,1997/01/30 03:00:00.000,,2016/02/23 13:39:23.000,"1",JDUG490,,,,6171367.207560000009835,13574.792254560401489
10549,4517,1,,,N,N,Y,Y,Y,"3","3","3",58706,63986,63986,,,,22,,2300,,"2",,1997/01/30 03:00:00.000,,2011/06/29 03:00:00.000,"1",jdug490,,US PATENT NO 46-70-0077,,6650617.773234999738634,14657.565005996699256
13261,4220,1,,,N,N,N,Y,N,"0","3","0",58706,63986,63986,,,,22,,2300,,"2",,1997/01/30 03:00:00.000,,2013/06/12 20:38:41.000,"1",JDUG490,,US PATENT NO 46-70-0075,,8534824.552373500540853,17875.538402070200391
14981,4752,1,,,N,N,Y,Y,Y,"5","5","5",58706,63986,63986,,,,33,,2300,,"2",,1997/01/30 03:00:00.000,,2017/09/28 14:59:23.000,"1",JDUG490,,CLEAR LIST 11 CEP&RI,,5794734.977036000229418,12865.528416363700671
14982,4539,1,,,N,N,Y,Y,Y,"7","7","7",58706,63986,63986,,,,33,,2300,,"2",,1997/01/30 03:00:00.000,,2017/09/28 14:59:23.000,"1",JDUG490,,,,6493274.384583000093699,13029.183507425399512
14985,4751,1,,,N,N,Y,Y,Y,"6","6","6",58706,63986,63986,,,,33,,2300,,"2",,1997/01/30 03:00:00.000,,2017/09/28 14:59:23.000,"1",JDUG490,,CLEAR LIST 11 CEP&RI,,7228825.809186999686062,13330.743634342499718
14784,116988,1,,,N,N,N,Y,N,"0","13","0",58706,63986,63986,,,,23,,900,,"2",,,50% MINERAL INTEREST,2016/02/17 14:19:13.000,"0",JDUG490,,,,2277837.983727499842644,6364.721080474750124
7267,694,1,,,N,N,N,Y,N,"0","3","0",58706,63986,63986,,,,31,,1900,,"2",,1997/01/30 03:00:00.000,,2011/06/29 03:00:00.000,"1",jdug490,,US PATENT NO 46-70-0093,,5006903.048910001292825,10285.202694612300547
7834,695,1,,,N,N,N,Y,N,"0","3","0",58706,63986,63986,,,,31,,1900,,"2",,1997/01/30 03:00:00.000,,2011/06/29 03:00:00.000,"1",jdug490,,US PATENT NO 46-70-0093,,1620916.379879999905825,5096.955956684699231
12707,658,1,,,N,N,N,Y,N,"0","3","0",58706,63986,63986,,,,31,,1900,,"2",,1997/01/30 03:00:00.000,,2018/03/14 20:26:50.000,"1",TSTE490,,US PATENT NO 46-70-0093,,9025004.763755500316620,14972.440672910701323
2409,10586,1,,,N,N,Y,Y,Y,"3","3","3",58706,63986,63986,,,,39,,100,,"1",1997/01/30 03:00:00.000,,,2011/06/29 03:00:00.000,"1",jdug490,,,,11843768.345070000737906,15133.043963872998575
2442,3051,1,,,N,N,Y,Y,Y,"10","10","10",58706,63986,63986,,,,20,,100,,"1",1997/01/30 03:00:00.000,,,2011/06/29 03:00:00.000,"1",jdug490,,CLEAR LIST 5 SCIENTIFIC,,7186638.851200000382960,10724.386998498301182
2504,10542,1,,,N,N,Y,Y,Y,"6","6","6",58706,63986,63986,,,,39,,100,,"1",1997/01/30 03:00:00.000,,,2011/06/29 03:00:00.000,"1",jdug490,,CLEAR LIST 6 CEP&RI,,28039831.926150001585484,21181.128288907297247
2774,3141,1,,,N,N,Y,Y,Y,"10","8","10",58706,63986,63986,,,,20,,100,,"1",1997/01/30 03:00:00.000,,,2011/06/29 03:00:00.000,"1",jdug490,,CLEAR LIST 4 NORMAL SCHOOL,,1841160.445950000081211,5428.735448562830243
2777,10544,1,,,N,N,Y,Y,Y,"6","6","6",58706,63986,63986,,,,39,,100,,"1",1997/01/30 03:00:00.000,,,2011/06/29 03:00:00.000,"1",jdug490,,CLEAR LIST 6 CEP&RI,,28529680.344200000166893,21365.700771783700475
2993,3058,1,,,N,N,N,Y,N,"0","8","0",58706,63986,63986,,,,20,,100,,"2",,1997/01/30 03:00:00.000,,2011/06/29 03:00:00.000,"1",jdug490,,CLEAR LIST 4 NORMAL SCHOOL,,6827034.013504999689758,10464.092792920300781
3035,10577,1,,,N,N,Y,Y,Y,"3","3","3",58706,63986,63986,,,,39,,100,,"1",1997/01/30 03:00:00.000,,,2011/06/29 03:00:00.000,"1",jdug490,,,,27987904.141600001603365,21161.726429866601393
3113,3181,1,,,N,N,Y,Y,Y,"13","13","13",58706,63986,63986,,,,20,,100,,"1",1997/01/30 03:00:00.000,,,2011/06/29 03:00:00.000,"1",jdug490,,,,99742.595361999992747,1399.999902024839912
3144,10561,1,,,N,N,Y,Y,Y,"3","3","3",58706,63986,63986,,,,39,,100,,"1",1997/01/30 03:00:00.000,,,2011/06/29 03:00:00.000,"1",jdug490,,,,27918726.442340001463890,21056.190913898499275
3175,10540,1,,,N,N,Y,Y,Y,"5","5","5",58706,63986,63986,,,,39,,100,,"1",1997/01/30 03:00:00.000,,,2011/06/29 03:00:00.000,"1",jdug490,,CLEAR LIST 6 CEP&RI,,28037811.300000000745058,21202.759188965999783
3191,2969,1,,,N,N,Y,Y,Y,"1","1","1",58706,63986,63986,,,,20,,100,,"1",1997/01/30 03:00:00.000,,,2011/06/29 03:00:00.000,"1",jdug490,,,,3198101.464000000152737,7518.245342127390359
3217,15149,1,,,N,N,Y,Y,Y,"13","13","13",58706,63986,63986,,,,20,,100,,"1",1997/01/30 03:00:00.000,,,2011/06/29 03:00:00.000,"1",jdug490,,,,9995.465734999999768,399.909325599289957
3291,112842,1,,,N,N,N,Y,N,"0","3","0",58706,63986,63986,,,,20,,100,,"2",,1997/01/30 03:00:00.000,,2011/06/29 03:00:00.000,"0",jdug490,,CLEAR LIST 144 INDEMNITY,,4531016.406325000338256,13111.474647896300667
3305,3050,1,,,N,N,Y,Y,Y,"10","10","10",58706,63986,63986,,,,20,,100,,"1",1997/01/30 03:00:00.000,,,2011/06/29 03:00:00.000,"1",jdug490,,CLEAR LIST 5 SCIENTIFIC,,6854115.230849999934435,10473.409511993999331
3391,10558,1,,,N,N,Y,Y,Y,"3","3","3",58706,63986,63986,,,,39,,100,,"1",1997/01/30 03:00:00.000,,,2011/06/29 03:00:00.000,"1",jdug490,,,,27578679.634854998439550,20926.646203743399383
3479,10524,1,,,N,N,Y,Y,Y,"3","3","3",58706,63986,63986,,,,39,,100,,"1",2005/09/24 03:00:00.000,,,2011/06/29 03:00:00.000,"1",jdug490,,CLEAR LIST 11 INDEMNITY,,6934495.265705000609159,13289.979164523601867
3522,10559,1,,,N,N,Y,Y,Y,"3","3","3",58706,63986,63986,,,,39,,100,,"1",1997/01/30 03:00:00.000,,,2011/06/29 03:00:00.000,"1",jdug490,,,,24408674.739275000989437,19764.643435333298839
3752,10541,1,,,N,N,Y,Y,Y,"6","6","6",58706,63986,63986,,,,39,,100,,"1",1997/01/30 03:00:00.000,,,2011/06/29 03:00:00.000,"1",jdug490,,CLEAR LIST 6 CEP&RI,,28263893.310750000178814,21268.409647493001103
4214,10543,1,,,N,N,Y,Y,Y,"6","6","6",58706,63986,63986,,,,39,,100,,"1",1997/01/30 03:00:00.000,,,2011/06/29 03:00:00.000,"1",jdug490,,CLEAR LIST 6 CEP&RI,,28120349.917249999940395,21165.200429356002132
4257,3047,1,,,N,N,N,Y,N,"0","8","0",58706,63986,63986,,,,20,,100,,"2",,1997/01/30 03:00:00.000,,2011/06/29 03:00:00.000,"1",jdug490,,CLEAR LIST 4 NORMAL SCHOOL,,3505535.226515000220388,7947.795621747810401
4370,3052,1,,,N,N,Y,Y,Y,"3","3","3",58706,63986,63986,,,,20,,100,,"1",1997/01/30 03:00:00.000,,,2011/06/29 03:00:00.000,"1",jdug490,,US PATENT NO 46-70-0084,,1772457.962509999983013,5326.101933258030840
4383,15148,1,,,N,N,Y,Y,Y,"13","13","13",58706,63986,63986,,,,20,,100,,"1",2002/10/03 03:00:00.000,,,2011/06/29 03:00:00.000,"1",jdug490,,08-074340,,49983.934399999998277,899.839113135786988
4474,10497,1,,,N,N,Y,Y,Y,"6","6","6",58706,63986,63986,,,,39,,100,,"1",1997/01/30 03:00:00.000,,,2011/06/29 03:00:00.000,"1",jdug490,,CLEAR LIST 6 CEP&RI,,20272378.894999999552965,18296.070838176299731
4544,10539,1,,,N,N,Y,Y,Y,"5","5","5",58706,63986,63986,,,,39,,100,,"1",1997/01/30 03:00:00.000,,,2011/06/29 03:00:00.000,"1",jdug490,,CLEAR LIST 6 CEP&RI,,6937046.925160000100732,10560.075500871898839
4878,10519,1,,,N,N,Y,Y,Y,"3","3","3",58706,63986,63986,,,,39,,100,,"1",2005/09/24 03:00:00.000,,,2011/06/29 03:00:00.000,"1",jdug490,,CLEAR LIST 11 INDEMNITY,,7364348.008150000125170,13340.859585041500395
4916,10507,1,,,N,N,Y,Y,Y,"3","3","3",58706,63986,63986,,,,39,,100,,"1",2005/09/24 03:00:00.000,,,2011/06/29 03:00:00.000,"1",jdug490,,CLEAR LIST 11 INDEMNITY,,14212721.253754999488592,15917.549868239901116
5305,10554,1,,,N,N,Y,Y,Y,"3","3","3",58706,63986,63986,,,,39,,100,,"1",1997/01/30 03:00:00.000,,,2011/06/29 03:00:00.000,"1",jdug490,,,,18706594.500064998865128,17674.559789185397676
5368,10552,1,,,N,N,Y,Y,Y,"3","3","3",58706,63986,63986,,,,39,,100,,"1",1997/01/30 03:00:00.000,,,2011/06/29 03:00:00.000,"1",jdug490,,,,6447211.523500000126660,10174.384833481100941
5400,10562,1,,,N,N,Y,Y,Y,"3","3","3",58706,63986,63986,,,,39,,100,,"1",1997/01/30 03:00:00.000,,,2011/06/29 03:00:00.000,"1",jdug490,,,,27807467.438000001013279,21103.166084043699811
5560,10508,1,,,N,N,N,Y,N,"0","3","0",58706,63986,63986,,,,39,,100,,"2",,1997/01/30 03:00:00.000,,2012/06/22 20:30:58.000,"1",SDE,,,,7205992.323900001123548,10738.561028406100377
5564,10521,1,,,N,N,Y,Y,Y,"6","6","6",58706,63986,63986,,,,39,,100,,"1",1997/01/30 03:00:00.000,,,2012/06/22 20:30:58.000,"1",SDE,,CLEAR LIST 6 CEP&RI,,27987991.704849999397993,21145.667430494799191
5722,10486,1,,,N,N,Y,Y,Y,"3","3","3",58706,63986,63986,,,,39,,100,,"1",2005/09/24 03:00:00.000,,,2012/03/01 03:00:00.000,"1",jdug490,,CLEAR LIST 11 INDEMNITY,,24166849.321538999676704,23590.396511805698538
5723,10506,1,,,N,N,Y,Y,Y,"3","3","3",58706,63986,63986,,,,39,,100,,"1",2005/09/24 03:00:00.000,,,2012/03/01 03:00:00.000,"1",jdug490,,CLEAR LIST 11 INDEMNITY,,28848117.006537005305290,21748.777727222404792
5763,10511,1,,,N,N,Y,Y,Y,"3","3","3",58706,63986,63986,,,,39,,100,,"1",1997/01/30 03:00:00.000,,,2012/02/28 03:00:00.000,"1",jdug490,,86-000166,,24759173.252879001200199,21413.961210307297733
5767,10518,1,,,N,N,Y,Y,Y,"3","3","3",58706,63986,63986,,,,39,,100,,"1",1997/01/30 03:00:00.000,,,2012/02/28 03:00:00.000,"1",jdug490,,US PATENT NO 46-87-0005,,28140200.426405001431704,21289.590603584500059
5768,10503,1,,,N,N,Y,Y,Y,"3","3","3",58706,63986,63986,,,,39,,100,,"1",1997/01/30 03:00:00.000,,,2012/02/28 03:00:00.000,"1",jdug490,,,,7320.376253499999621,415.338468973521060
5769,10529,1,,,N,N,Y,Y,Y,"10","10","10",58706,63986,63986,,,,39,,100,,"1",1997/01/30 03:00:00.000,,,2012/02/28 03:00:00.000,"1",jdug490,,CLEAR LIST 3 SCIENTIFIC,,10525926.240864999592304,15847.712084389999291
5770,10527,1,,,N,N,Y,Y,Y,"3","3","3",58706,63986,63986,,,,39,,100,,"1",1997/01/30 03:00:00.000,,,2012/02/28 03:00:00.000,"1",jdug490,,86-000166,,8851450.787273000925779,13825.394902551499399
5771,10532,1,,,N,N,N,Y,N,"0","3","0",58706,63986,63986,,,,39,,100,,"2",,1997/01/30 03:00:00.000,,2012/02/28 03:00:00.000,"1",jdug490,,CLEAR LIST 11 INDEMNITY,,3514381.153425999917090,7938.460265004150642
5772,10517,1,,,N,N,Y,Y,Y,"3","3","3",58706,63986,63986,,,,39,,100,,"1",2005/09/24 03:00:00.000,,,2012/02/28 03:00:00.000,"1",jdug490,,CLEAR LIST 11 INDEMNITY,,20350331.045357499271631,20970.917336702201283
5773,10531,1,,,N,N,N,Y,N,"0","3","0",58706,63986,63986,,,,39,,100,,"2",,1997/01/30 03:00:00.000,,2012/02/28 03:00:00.000,"1",jdug490,,CLEAR LIST 11 INDEMNITY,,7161288.695728000253439,10708.046520257701559
5774,10512,1,,,N,N,Y,Y,Y,"3","3","3",58706,63986,63986,,,,39,,100,,"1",1997/01/30 03:00:00.000,,,2012/02/28 03:00:00.000,"1",jdug490,,,,12338516.753461500629783,18586.993841725499806
5999,116909,1,,,N,N,Y,Y,Y,"75","10","75",58706,63986,63986,,,,20,,100,,"1",1997/01/30 03:00:00.000,,,2017/03/09 15:10:22.000,"1",JDUG490,,CLEAR LIST 5 SCIENTIFIC SPLIT 3034 PER 86-091402 02-090360,,10496368.585203999653459,15964.638362036901526
6069,3035,1,,,N,N,Y,Y,Y,"6","6","6",58706,63986,63986,,,,20,,100,,"1",1997/01/30 03:00:00.000,,,2015/07/22 20:37:14.000,"1",JDUG490,,86-000166,,1839684.286370000103489,5426.453614352799377
6308,10537,1,,,N,N,Y,Y,Y,"3","3","3",58706,63986,63986,,,,39,,100,,"1",1997/01/30 03:00:00.000,,,2015/07/27 16:59:09.000,"1",JDUG490,,,,12234585.399004500359297,15807.648919749997731
6333,116908,1,,,N,N,Y,Y,Y,"10","3","10",58706,63986,63986,,,,39,,100,,"1",1997/01/30 03:00:00.000,,,2015/07/27 16:59:09.000,"1",JDUG490,,SPLIT 10537 PER 86-091402,,1520870.934274999890476,4946.813623082280174
6349,2966,1,,,N,N,Y,Y,Y,"3","3","3",58706,63986,63986,,,,20,,100,,"1",1997/01/30 03:00:00.000,,,2018/06/20 20:25:07.000,"1",TSTE490,,,,14242640.954889999702573,15776.157729249600379
6480,2971,1,,,N,N,Y,Y,Y,"8","8","8",58706,63986,63986,,,,20,,100,,"1",1997/01/30 03:00:00.000,,,2018/06/20 20:25:07.000,"1",TSTE490,,86-000166,,5571072.085280000232160,10932.829434497100010
6482,2958,1,,,N,N,Y,Y,Y,"3","3","3",58706,63986,63986,,,,20,,100,,"1",1997/01/30 03:00:00.000,,,2018/06/20 20:25:07.000,"1",TSTE490,,US PATENT NO 46-70-0085,,28632104.196410000324249,21214.051540769098210
6569,2970,1,,,N,N,Y,Y,Y,"3","3","3",58706,63986,63986,,,,20,,100,,"1",1997/01/30 03:00:00.000,,,2018/06/20 20:25:07.000,"1",TSTE490,,,,18898269.139290001243353,18406.105508233900764
6703,3044,1,,,N,N,Y,Y,Y,"10","10","10",58706,63986,63986,,,,20,,100,,"1",1997/01/30 03:00:00.000,,,2011/06/29 03:00:00.000,"1",jdug490,,,,1791657.518099999986589,5354.405563532440283
6788,3039,1,,,N,N,Y,Y,Y,"10","10","10",58706,63986,63986,,,,20,,100,,"1",1997/01/30 03:00:00.000,,,2011/06/29 03:00:00.000,"1",jdug490,,CLEAR LIST 5 SCIENTIFIC,,3534152.011620000004768,7981.355176750570536
6858,3036,1,,,N,N,Y,Y,Y,"10","10","10",58706,63986,63986,,,,20,,100,,"1",1997/01/30 03:00:00.000,,,2015/07/22 20:37:14.000,"1",JDUG490,,CLEAR LIST 5 SCIENTIFIC,,12097057.245714999735355,18516.293147217500518
6861,3130,1,,,N,N,Y,Y,Y,"10","10","10",58706,63986,63986,,,,20,,100,,"1",1997/01/30 03:00:00.000,,,2015/07/22 20:37:14.000,"1",JDUG490,,CLEAR LIST 5 SCIENTIFIC,,13690934.915968999266624,15659.249252385199725
41,15579,1,,,N,N,Y,Y,Y,"9","9","9",58706,63986,63986,,,,39,,100,,"2",,1997/01/30 03:00:00.000,,2021/11/10 19:46:08.000,"1",TSTE490,,,,5599.986289999999826,359.999202188005029
221,10816,1,,,N,N,Y,Y,Y,"9","9","9",58706,63986,63986,,,,39,,100,,"2",,1997/01/30 03:00:00.000,,2011/06/29 03:00:00.000,"1",jdug490,,,,5419149.547564999200404,10719.031590164200679
251,10494,1,,,N,N,Y,Y,Y,"6","6","6",58706,63986,63986,,,,39,,100,,"1",1997/01/30 03:00:00.000,,,2011/08/18 03:00:00.000,"1",jdug490,,CLEAR LIST 6 CEP&RI,,27109748.283805001527071,20849.776610210301442
252,10493,1,,,N,N,Y,Y,Y,"6","6","6",58706,63986,63986,,,,39,,100,,"1",1997/01/30 03:00:00.000,,,2011/08/18 03:00:00.000,"1",jdug490,,CLEAR LIST 6 CEP&RI,,7064252.850844999775290,13223.192793145501128
313,10488,1,,,N,N,Y,Y,Y,"3","3","3",58706,63986,63986,,,,39,,100,,"1",2005/09/24 03:00:00.000,,,2011/08/19 03:00:00.000,"1",jdug490,,CLEAR LIST 11 INDEMNITY,,27582908.765246998518705,21006.578121248599928
316,113079,1,,,N,N,Y,Y,Y,"3","3","3",58706,63986,63986,,,,39,,100,,"1",1997/01/30 03:00:00.000,,,2011/08/19 03:00:00.000,"0",jdug490,,CLEAR LIST 11 INDEMNITY,,25026145.510389499366283,21409.435649060902506
317,10496,1,,,N,N,Y,Y,Y,"3","3","3",58706,63986,63986,,,,39,,100,,"1",1997/01/30 03:00:00.000,,,2011/08/19 03:00:00.000,"1",jdug490,,,,6863297.066837999969721,13058.244465568199303
318,2956,1,,,N,N,Y,Y,Y,"3","3","3",58706,63986,63986,,,,20,,100,,"1",1997/01/30 03:00:00.000,,,2011/08/19 03:00:00.000,"1",jdug490,,,,11334641.800644500181079,16223.997715720099222
369,3023,1,,,N,N,Y,Y,Y,"3","3","3",58706,63986,63986,,,,20,,100,,"1",1997/01/30 03:00:00.000,,,2011/06/30 03:00:00.000,"1",jdug490,,,,5368491.437959499657154,10703.991042893499980
375,3022,1,,,N,N,Y,Y,Y,"1","1","1",58706,63986,63986,,,,20,,100,,"1",1997/01/30 03:00:00.000,,,2011/06/30 03:00:00.000,"1",jdug490,,,,3616457.460884999949485,8088.972323671380764
379,3132,1,,,N,N,N,Y,N,"0","10","0",58706,63986,63986,,,,20,,100,,"2",,1997/01/30 03:00:00.000,,2012/02/23 03:00:00.000,"1",jdug490,,CLEAR LIST 5 SCIENTIFIC,,17273266.697709001600742,20953.821126737901068
472,3053,1,,,N,N,Y,Y,Y,"3","3","3",58706,63986,63986,,,,20,,100,,"1",1997/01/30 03:00:00.000,,,2011/06/29 03:00:00.000,"1",jdug490,,US PATENT NO 46-70-0084,,7249647.480248999781907,10774.531812902001548
587,10583,1,,,N,N,Y,Y,Y,"3","3","3",58706,63986,63986,,,,39,,100,,"1",1997/01/30 03:00:00.000,,,2011/06/29 03:00:00.000,"1",jdug490,,,,27624292.078186001628637,21024.457609927401791
614,2967,1,,,N,N,Y,Y,Y,"3","3","3",58706,63986,63986,,,,20,,100,,"1",1997/01/30 03:00:00.000,,,2011/06/29 03:00:00.000,"1",jdug490,,,,27830531.773409504443407,21115.153810903302656
666,3287,1,,,N,N,Y,Y,Y,"3","3","3",58706,63986,63986,,,,20,,100,,"2",,1997/01/30 03:00:00.000,,2011/06/29 03:00:00.000,"1",jdug490,,,,5476485.569029999896884,9721.246484555529605
884,3137,1,,,N,N,N,Y,N,"0","10","0",58706,63986,63986,,,,20,,100,,"2",,1997/01/30 03:00:00.000,,2015/07/23 14:12:35.000,"1",JDUG490,,CLEAR LIST 5 SCIENTIFIC,,1773245.362587500130758,5328.652343394870513
987,10502,1,,,N,N,Y,Y,Y,"3","3","3",58706,63986,63986,,,,39,,100,,"1",1997/01/30 03:00:00.000,,,2011/06/29 03:00:00.000,"1",jdug490,,US PATENT NO 46-87-0005,,27458714.572767000645399,20988.529480736600817
1112,10547,1,,,N,N,Y,Y,Y,"6","6","6",58706,63986,63986,,,,39,,100,,"1",1997/01/30 03:00:00.000,,,2011/06/29 03:00:00.000,"1",jdug490,,CLEAR LIST 6 CEP&RI,,17746050.221370000392199,18654.169629332500335
1171,112841,1,,,N,N,N,Y,N,"0","3","0",58706,63986,63986,,,,20,,100,,"2",,1997/01/30 03:00:00.000,,2011/06/29 03:00:00.000,"0",jdug490,,CLEAR LIST 144 INDEMNITY,,7867735.884420000016689,14814.212853577300848
1204,10557,1,,,N,N,Y,Y,Y,"3","3","3",58706,63986,63986,,,,39,,100,,"1",1997/01/30 03:00:00.000,,,2011/06/29 03:00:00.000,"1",jdug490,,,,26584338.316399998962879,20629.465449311199336
1241,3140,1,,,N,N,Y,Y,Y,"10","3","10",58706,63986,63986,,,,20,,100,,"1",1997/01/30 03:00:00.000,,,2011/06/29 03:00:00.000,"1",jdug490,,US PATENT NO 46-70-0084,,1772115.496000000042841,5325.814248740739458
1434,2929,1,,,N,N,Y,Y,Y,"1","1","1",58706,63986,63986,,,,20,,100,,"1",1997/01/30 03:00:00.000,,,2018/03/14 20:26:50.000,"1",TSTE490,,,,1743573.695582000073045,5282.961425945940391
1562,10522,1,,,N,N,Y,Y,Y,"5","5","5",58706,63986,63986,,,,39,,100,,"1",1997/01/30 03:00:00.000,,,2011/06/29 03:00:00.000,"1",jdug490,,CLEAR LIST 6 CEP&RI,,27679911.449999999254942,21082.575919583297946
1578,113784,1,,,N,N,Y,Y,Y,"75","75","75",58706,63986,63986,,,,39,,100,,"1",2009/10/27 03:00:00.000,,,2011/06/29 03:00:00.000,"0",jdug490,,08-084332,,3504607.499700000043958,7915.035963421761153
1646,10487,1,,,N,N,Y,Y,Y,"6","6","6",58706,63986,63986,,,,39,,100,,"1",1997/01/30 03:00:00.000,,,2011/06/29 03:00:00.000,"1",jdug490,,86-000166,,3499607.869520000182092,7987.390752878271087
1693,10576,1,,,N,N,Y,Y,Y,"3","3","3",58706,63986,63986,,,,39,,100,,"1",1997/01/30 03:00:00.000,,,2011/06/29 03:00:00.000,"1",jdug490,,,,27613207.343770004808903,20985.358808221000800
1843,111356,1,,,N,N,Y,Y,Y,"3","3","3",58706,63986,63986,,,,39,,100,,"1",1997/01/30 03:00:00.000,,Oil & gas reserved,2014/03/25 12:26:14.000,"0",JDUG490,,86-074975,,35470575.123630002140999,24024.479143378899607
1844,111358,1,,,N,N,Y,Y,Y,"3","3","3",58706,63986,63986,,,,39,,100,,"1",2005/05/04 03:00:00.000,,Oil & gas deferred,2014/03/25 12:26:14.000,"0",JDUG490,,86-074975,,27859803.309859000146389,21122.334803017900413
1845,111360,1,,,N,N,Y,Y,Y,"3","3","3",58706,63986,63986,,,,39,,100,,"1",2005/05/04 03:00:00.000,,Oil & gas reserved,2014/03/25 12:26:14.000,"0",JDUG490,,86-074975,,5049.621301500000300,368.204788491231000
1874,10489,1,,,N,N,Y,Y,Y,"3","3","3",58706,63986,63986,,,,39,,100,,"1",1997/01/30 03:00:00.000,,,2011/06/29 03:00:00.000,"1",jdug490,,Warranty Deed,,3680505.553834999911487,8027.887263203620023
2152,10563,1,,,N,N,Y,Y,Y,"3","3","3",58706,63986,63986,,,,39,,100,,"1",1997/01/30 03:00:00.000,,,2011/06/29 03:00:00.000,"1",jdug490,,,,3227495.657205000054091,11788.392351331798636
18112,112820,1,,,N,N,N,Y,N,"0","3","0",58706,63986,63986,,,,20,,100,,"2",1997/01/30 03:00:00.000,2008/02/22 03:00:00.000,,2012/09/07 23:05:29.000,"0",CADASTRE_GDB,,,,5065172.328999999910593,15210.863926954500130
18268,112837,1,,,N,N,N,Y,N,"0","3","0",58706,63986,63986,,,,20,,100,,"2",1997/01/30 03:00:00.000,2008/02/22 03:00:00.000,,2022/06/29 19:46:01.000,"0",TSTE490,,US PATENT NO 46-70-0085,,7612169.595281999558210,14808.985303581899643
18443,112824,1,,,N,N,N,Y,N,"0","3","0",58706,63986,63986,,,,20,,100,,"2",1997/01/30 03:00:00.000,2008/02/22 03:00:00.000,,2012/09/07 23:05:29.000,"0",CADASTRE_GDB,,,,6082712.217354499734938,14841.927200930000254
18481,112822,1,,,N,N,N,Y,N,"0","3","0",58706,63986,63986,,,,20,,100,,"2",1997/01/30 03:00:00.000,2008/02/22 03:00:00.000,,2012/09/07 23:05:29.000,"0",CADASTRE_GDB,,,,9397631.167984999716282,13925.005520709899429
18512,112821,1,,,N,N,N,Y,N,"0","3","0",58706,63986,63986,,,,20,,100,,"2",1997/01/30 03:00:00.000,2008/02/22 03:00:00.000,,2012/09/07 23:05:29.000,"0",CADASTRE_GDB,,US PATENT NO 46-70-0085,,21497222.272865496575832,18127.478377772902604
18523,112825,1,,,N,N,N,Y,N,"0","3","0",58706,63986,63986,,,,20,,100,,"2",1997/01/30 03:00:00.000,2008/02/22 03:00:00.000,,2012/09/07 23:05:29.000,"0",CADASTRE_GDB,,,,1674379.813850000035018,5177.062944855349997
18572,112834,1,,,N,N,N,Y,N,"0","3","0",58706,63986,63986,,,,20,,100,,"2",1997/01/30 03:00:00.000,2008/02/22 03:00:00.000,,2012/09/07 23:05:29.000,"0",CADASTRE_GDB,,,,3689639.161069999914616,8605.138649521730258
7061,3045,1,,,N,N,Y,Y,Y,"8","8","8",58706,63986,63986,,,,20,,100,,"1",1997/01/30 03:00:00.000,,,2011/06/29 03:00:00.000,"1",jdug490,,86-000166,,28979664.907949998974800,21526.303535758397629
7062,2955,1,,,N,N,Y,Y,Y,"1","1","1",58706,63986,63986,,,,20,,100,,"1",1997/01/30 03:00:00.000,,,2011/06/29 03:00:00.000,"1",jdug490,,86-000166,,3715618.763234999962151,8113.262058386950230
7198,10623,1,,,N,N,Y,Y,Y,"3","3","3",58706,63986,63986,,,,39,,100,,"1",1997/01/30 03:00:00.000,,,2011/06/29 03:00:00.000,"1",jdug490,,CLEAR LIST 21 INDEMNITY,,11731816.585625000298023,17346.921523489501851
7298,3034,1,,,N,N,Y,Y,Y,"10","10","10",58706,63986,63986,,,,20,,100,,"1",1997/01/30 03:00:00.000,,,2015/07/22 20:37:14.000,"1",JDUG490,,CLEAR LIST 5 SCIENTIFIC 86-091402,,14450453.591104999184608,16149.505499703001988
7330,10553,1,,,N,N,Y,Y,Y,"3","3","3",58706,63986,63986,,,,39,,100,,"1",1997/01/30 03:00:00.000,,,2011/06/29 03:00:00.000,"1",jdug490,,,,7494538.855360000394285,10947.329836258099022
7505,10560,1,,,N,N,Y,Y,Y,"3","3","3",58706,63986,63986,,,,39,,100,,"1",1997/01/30 03:00:00.000,,,2011/06/29 03:00:00.000,"1",jdug490,,,,23274689.983600001782179,19270.811924184599775
7514,10584,1,,,N,N,Y,Y,Y,"3","3","3",58706,63986,63986,,,,39,,100,,"1",1997/01/30 03:00:00.000,,,2011/06/29 03:00:00.000,"1",jdug490,,,,14875025.265460500493646,18109.780647668700112
7726,3038,1,,,N,N,N,Y,N,"0","10","0",58706,63986,63986,,,,20,,100,,"2",,1997/01/30 03:00:00.000,,2011/06/29 03:00:00.000,"1",jdug490,,CLEAR LIST 5 SCIENTIFIC,,5282319.228164999745786,10615.324161584099784
7779,10556,1,,,N,N,Y,Y,Y,"3","3","3",58706,63986,63986,,,,39,,100,,"1",1997/01/30 03:00:00.000,,,2011/06/29 03:00:00.000,"1",jdug490,,US PATENT NO 46-87-0008,,370732.339450000028592,2927.599904375170354
7822,3043,1,,,N,N,Y,Y,Y,"8","8","8",58706,63986,63986,,,,20,,100,,"1",1997/01/30 03:00:00.000,,,2011/06/29 03:00:00.000,"1",jdug490,,CLEAR LIST 4 NORMAL SCHOOL,,26595099.795949999243021,26749.443117983606498
8009,3054,1,,,N,N,N,Y,N,"0","3","0",58706,63986,63986,,,,20,,100,,"2",,1997/01/30 03:00:00.000,,2022/05/11 19:39:36.000,"1",TSTE490,,US PATENT NO 46-70-0084,,17778740.094875998795033,18682.929489814003318
8073,14283,1,,,N,N,N,Y,N,"0","9","0",58706,63986,63986,,,,39,,100,,"2",,1997/01/30 03:00:00.000,,2011/06/29 03:00:00.000,"1",jdug490,,,,2629401.772119999863207,6646.891647947740239
8085,10579,1,,,N,Y,Y,Y,Y,"9","9","9",58706,63986,63986,,,,39,,100,,"1",1997/01/30 03:00:00.000,,an undivided 1/12th interest,2022/05/11 19:39:36.000,"1",TSTE490,,,,6985063.029968500137329,10571.779724339199674
8439,3049,1,,,N,N,N,Y,N,"0","8","0",58706,63986,63986,,,,20,,100,,"2",,1997/01/30 03:00:00.000,,2011/06/29 03:00:00.000,"1",jdug490,,CLEAR LIST 4 NORMAL SCHOOL,,3551622.117525000125170,7995.078643923460731
8501,10490,1,,,N,N,Y,Y,Y,"3","3","3",58706,63986,63986,,,,39,,100,,"1",2005/09/24 03:00:00.000,,,2011/06/29 03:00:00.000,"1",jdug490,,CLEAR LIST 11 INDEMNITY,,4960597.533660000190139,10408.093747924000127
8763,10555,1,,,N,N,Y,Y,Y,"3","3","3",58706,63986,63986,,,,39,,100,,"1",1997/01/30 03:00:00.000,,,2011/06/29 03:00:00.000,"1",jdug490,,US PATENT NO 46-87-0008,,3116711.813085000030696,8933.223995807060419
9321,10582,1,,,N,N,Y,Y,Y,"3","3","3",58706,63986,63986,,,,39,,100,,"1",1997/01/30 03:00:00.000,,,2011/06/29 03:00:00.000,"1",jdug490,,,,35851946.954470001161098,24151.644142293800542
9475,10546,1,,,N,N,Y,Y,Y,"3","3","3",58706,63986,63986,,,,39,,100,,"1",1997/01/30 03:00:00.000,,,2011/06/29 03:00:00.000,"1",jdug490,,,,3576041.247405000030994,8034.009351319850794
9542,10528,1,,,N,N,Y,Y,Y,"3","3","3",58706,63986,63986,,,,39,,100,,"1",1997/01/30 03:00:00.000,,,2011/06/29 03:00:00.000,"1",jdug490,,,,1748823.230650000041351,5291.025035846910214
9613,3131,1,,,N,N,Y,Y,Y,"10","10","10",58706,63986,63986,,,,20,,100,,"1",1997/01/30 03:00:00.000,,,2012/02/23 03:00:00.000,"1",jdug490,,CLEAR LIST 5 SCIENTIFIC,,10222323.408427000045776,13006.809861892401386
9793,3040,1,,,N,N,N,Y,N,"0","10","0",58706,63986,63986,,,,20,,100,,"2",,1997/01/30 03:00:00.000,,2011/06/29 03:00:00.000,"1",jdug490,,CLEAR LIST 5 SCIENTIFIC,,3546907.065770000219345,7990.563138952030386
9824,10581,1,,,N,N,Y,Y,Y,"3","3","3",58706,63986,63986,,,,39,,100,,"1",1997/01/30 03:00:00.000,,,2011/06/29 03:00:00.000,"1",jdug490,,,,34681687.826049998402596,23911.704043787703995
10008,3037,1,,,N,N,N,Y,N,"0","10","0",58706,63986,63986,,,,20,,100,,"2",,1997/01/30 03:00:00.000,,2011/06/29 03:00:00.000,"1",jdug490,,CLEAR LIST 5 SCIENTIFIC,,1717816.774544999934733,5243.328556706150266
10151,10548,1,,,N,N,Y,Y,Y,"3","3","3",58706,63986,63986,,,,39,,100,,"1",1997/01/30 03:00:00.000,,,2011/06/29 03:00:00.000,"1",jdug490,,,,14176100.155416000634432,15989.486023612498684
10342,10580,1,,,N,N,Y,Y,Y,"3","3","3",58706,63986,63986,,,,39,,100,,"1",1997/01/30 03:00:00.000,,,2011/06/29 03:00:00.000,"1",jdug490,,,,28295297.275331500917673,22795.331421184302599
10343,111355,1,,,N,N,Y,Y,Y,"3","3","3",58706,63986,63986,,,,39,,100,,"1",2005/05/04 03:00:00.000,,Oil & gas reserved,2014/03/25 12:26:14.000,"0",JDUG490,,86-074975,,12071919.144870499148965,16078.996440327598975
10405,3271,1,,,N,N,Y,Y,Y,"9","9","9",58706,63986,63986,,,,20,,100,,"2",,1997/01/30 03:00:00.000,,2016/11/16 20:28:46.000,"1",JDUG490,,,,3698669.695641000289470,12248.730318240999623
10411,113783,1,,,N,N,Y,Y,Y,"75","75","75",58706,63986,63986,,,,39,,100,,"1",2009/10/27 03:00:00.000,,,2011/06/29 03:00:00.000,"0",jdug490,,08-084332,,2097813.543283000122756,7224.898601709160175
10561,111357,1,,,N,N,Y,Y,Y,"3","3","3",58706,63986,63986,,,,39,,100,,"1",1997/01/30 03:00:00.000,,Oil & gas reserved,2014/03/25 12:26:14.000,"0",JDUG490,,86-074975,,35692746.285219997167587,23803.332931716100575
10562,111359,1,,,N,N,Y,Y,Y,"3","3","3",58706,63986,63986,,,,39,,100,,"1",1997/01/30 03:00:00.000,,Oil & gas reserved,2014/03/25 12:26:14.000,"0",JDUG490,,86-074975,,27798013.882054999470711,20952.639864894401398
10563,111361,1,,,N,N,Y,Y,Y,"3","3","3",58706,63986,63986,,,,39,,100,,"1",2005/05/04 03:00:00.000,,Oil & gas reserved,2014/03/25 12:26:14.000,"0",JDUG490,,86-074975,,14454435.720060000196099,15791.372318379602802
11094,2975,1,,,N,N,Y,Y,Y,"1","1","1",58706,63986,63986,,,,20,,100,,"1",1997/01/30 03:00:00.000,,,2011/06/29 03:00:00.000,"1",jdug490,,,,27908420.832463003695011,21145.986349548100407
11301,10523,1,,,N,N,Y,Y,Y,"5","5","5",58706,63986,63986,,,,39,,100,,"1",1997/01/30 03:00:00.000,,,2011/06/29 03:00:00.000,"1",jdug490,,CLEAR LIST 6 CEP&RI,,28240214.075235001742840,21228.058032848697621
11302,10526,1,,,N,N,Y,Y,Y,"5","5","5",58706,63986,63986,,,,39,,100,,"1",2005/09/24 03:00:00.000,,,2011/06/29 03:00:00.000,"1",jdug490,,CLEAR LIST 11 INDEMNITY,,14145065.443600000813603,18550.782782501693873
11304,3046,1,,,N,N,Y,Y,Y,"8","8","8",58706,63986,63986,,,,20,,100,,"1",1997/01/30 03:00:00.000,,,2011/06/29 03:00:00.000,"1",jdug490,,CLEAR LIST 4 NORMAL SCHOOL,,24468842.645121000707150,23811.520276952502172
11306,10495,1,,,N,N,Y,Y,Y,"6","6","6",58706,63986,63986,,,,39,,100,,"1",1997/01/30 03:00:00.000,,,2011/06/29 03:00:00.000,"1",jdug490,,CLEAR LIST 6 CEP&RI,,27626498.952849999070168,21027.293213812001341
11315,10501,1,,,N,N,Y,Y,Y,"6","6","6",58706,63986,63986,,,,39,,100,,"1",1997/01/30 03:00:00.000,,,2011/06/29 03:00:00.000,"1",jdug490,,CLEAR LIST 6 CEP&RI,,20765843.790963500738144,18407.288546992098418
11385,3139,1,,,N,N,Y,Y,Y,"3","3","3",58706,63986,63986,,,,20,,100,,"1",1997/01/30 03:00:00.000,,,2011/06/29 03:00:00.000,"1",jdug490,,,,26829841.364000003784895,29758.797425989105250
11386,3060,1,,,N,N,N,Y,N,"0","8","0",58706,63986,63986,,,,20,,100,,"2",,1997/01/30 03:00:00.000,,2011/06/29 03:00:00.000,"1",jdug490,,CLEAR LIST 4 NORMAL SCHOOL,,1800471.537299999967217,5368.848628224069216
11624,10551,1,,,N,N,Y,Y,Y,"75","3","75",58706,63986,63986,,,,39,,100,,"1",1997/01/30 03:00:00.000,,,2017/03/09 15:10:22.000,"1",JDUG490,,US PATENT NO 46-87-0005 02-090360,,19765025.911967501044273,18510.140129814299144
11697,116907,1,,,N,N,Y,Y,Y,"75","10","75",58706,63986,63986,,,,20,,100,,"1",1997/01/30 03:00:00.000,,,2017/03/09 15:10:22.000,"1",JDUG490,,CLEAR LIST 5 SCIENTIFIC SPLIT 3130 PER 86091402 02-090360,,1890504.357507500099018,5504.162907592869487
11808,3180,1,,,N,N,Y,Y,Y,"3","3","3",58706,63986,63986,,,,20,,100,,"1",1997/01/30 03:00:00.000,,,2011/06/29 03:00:00.000,"1",jdug490,,EPHRATA LOOKOUT,,5667232.814252500422299,10169.631704303601509
11904,10491,1,,,N,N,Y,Y,Y,"6","6","6",58706,63986,63986,,,,39,,100,,"1",2005/09/24 03:00:00.000,,,2012/06/22 20:30:58.000,"1",SDE,,CLEAR LIST 11 INDEMNITY,,8376435.046489999629557,15673.644064078400334
11907,10520,1,,,N,N,Y,Y,Y,"6","6","6",58706,63986,63986,,,,39,,100,,"1",1997/01/30 03:00:00.000,,,2012/06/22 20:30:58.000,"1",SDE,,CLEAR LIST 6 CEP&RI,,20890196.202964998781681,18467.658000232000632
11965,111345,1,,,N,N,Y,Y,Y,"1","1","1",58706,63986,63986,,,,20,,100,,"1",1997/01/30 03:00:00.000,,,2018/03/14 20:26:50.000,"0",TSTE490,,,,13453893.571660500019789,15748.858473954800502
11995,10545,1,,,N,N,Y,Y,Y,"6","6","6",58706,63986,63986,,,,39,,100,,"1",1997/01/30 03:00:00.000,,,2011/06/29 03:00:00.000,"1",jdug490,,CLEAR LIST 6 CEP&RI,,28043517.295630000531673,21187.845730787801585
12256,3134,1,,,N,N,Y,Y,Y,"3","3","3",58706,63986,63986,,,,20,,100,,"1",1997/01/30 03:00:00.000,,,2011/08/29 03:00:00.000,"1",jdug490,,,,16354184.392350999638438,23980.048608238699671
12258,3025,1,,,N,N,Y,Y,Y,"1","1","1",58706,63986,63986,,,,20,,100,,"1",1997/01/30 03:00:00.000,,,2011/08/29 03:00:00.000,"1",jdug490,,,,5356834.861236499622464,10766.183111027299674
12490,10499,1,,,N,N,Y,Y,Y,"3","3","3",58706,63986,63986,,,,39,,100,,"1",1997/01/30 03:00:00.000,,,2011/08/19 03:00:00.000,"1",jdug490,,,,27736869.173737999051809,21248.779542700998718
12497,10492,1,,,N,N,Y,Y,Y,"3","3","3",58706,63986,63986,,,,39,,100,,"1",2005/09/24 03:00:00.000,,,2011/08/19 03:00:00.000,"1",jdug490,,CLEAR LIST 11 INDEMNITY,,21692527.872503500431776,18657.239791449799668
12498,10500,1,,,N,N,Y,Y,Y,"3","3","3",58706,63986,63986,,,,39,,100,,"1",2005/09/24 03:00:00.000,,,2011/08/19 03:00:00.000,"1",jdug490,,CLEAR LIST 11 INDEMNITY,,6941038.743970500305295,13206.067592379498819
12572,3133,1,,,N,N,Y,Y,Y,"3","3","3",58706,63986,63986,,,,20,,100,,"1",1997/01/30 03:00:00.000,,,2011/08/29 03:00:00.000,"1",jdug490,,DIAMOND GAP LOOKOUT SITE,,14276636.630117999389768,15912.666514080699926
12575,2972,1,,,N,N,N,Y,N,"0","1","0",58706,63986,63986,,,,20,,100,,"2",,1997/01/30 03:00:00.000,,2011/08/29 03:00:00.000,"1",jdug490,,,,1703757.911499999696389,5224.032985806909892
12577,3020,1,,,N,N,Y,Y,Y,"3","3","3",58706,63986,63986,,,,20,,100,,"1",1997/01/30 03:00:00.000,,,2011/08/29 03:00:00.000,"0",jdug490,,US PATENT NO 46-70-0084,,14519937.938053000718355,16174.387510151200331
12773,10504,1,,,N,N,Y,Y,Y,"3","3","3",58706,63986,63986,,,,39,,100,,"1",1997/01/30 03:00:00.000,,,2012/03/01 03:00:00.000,"1",jdug490,,,,27983768.027585498988628,20996.252987959494931
12778,10505,1,,,N,N,Y,Y,Y,"3","3","3",58706,63986,63986,,,,39,,100,,"1",2005/09/24 03:00:00.000,,,2012/03/01 03:00:00.000,"1",jdug490,,CLEAR LIST 11 INDEMNITY,,29193650.587364498525858,21606.390867866401095
12877,10536,1,,,N,N,Y,Y,Y,"10","10","10",58706,63986,63986,,,,39,,100,,"1",1997/01/30 03:00:00.000,,,2012/02/28 03:00:00.000,"1",jdug490,,CLEAR LIST 3 SCIENTIFIC,,8576647.682274000719190,13070.075370663500507
12878,10513,1,,,N,N,Y,Y,Y,"3","3","3",58706,63986,63986,,,,39,,100,,"1",1997/01/30 03:00:00.000,,,2012/02/28 03:00:00.000,"1",jdug490,,,,3495949.415776000358164,7927.687323845391802
12879,10550,1,,,N,N,Y,Y,Y,"8","8","8",58706,63986,63986,,,,39,,100,,"1",1997/01/30 03:00:00.000,,,2012/02/28 03:00:00.000,"1",jdug490,,,,10481615.876902500167489,15948.146685489400625
12880,10530,1,,,N,N,Y,Y,Y,"10","10","10",58706,63986,63986,,,,39,,100,,"1",1997/01/30 03:00:00.000,,,2012/02/28 03:00:00.000,"1",jdug490,,CLEAR LIST 3 SCIENTIFIC,,1744710.916494000237435,5284.607241029199940
12881,10514,1,,,N,N,Y,Y,Y,"10","10","10",58706,63986,63986,,,,39,,100,,"1",1997/01/30 03:00:00.000,,,2012/02/28 03:00:00.000,"1",jdug490,,CLEAR LIST 3 SCIENTIFIC,,8727914.182634500786662,15849.838328611900579
12882,10535,1,,,N,N,Y,Y,Y,"8","8","8",58706,63986,63986,,,,39,,100,,"1",1997/01/30 03:00:00.000,,,2012/02/28 03:00:00.000,"1",jdug490,,86-000166,,1135496.777975500095636,4817.104275067250455
12883,10515,1,,,N,N,Y,Y,Y,"10","10","10",58706,63986,63986,,,,39,,100,,"1",1997/01/30 03:00:00.000,,,2012/02/28 03:00:00.000,"1",jdug490,,CLEAR LIST 3 SCIENTIFIC,,1793018.507472499972209,5356.372647793860779
13206,3136,1,,,N,N,N,Y,N,"0","1","0",58706,63986,63986,,,,20,,100,,"2",,1997/01/30 03:00:00.000,,2015/07/23 14:12:35.000,"1",JDUG490,,,,3795617.375509500037879,8189.133089755780929
14636,2927,1,,,N,N,Y,Y,Y,"1","1","1",58706,63986,63986,,,,20,,100,,"1",1997/01/30 03:00:00.000,,,2018/06/14 20:15:44.000,"1",TSTE490,,,,2613766.925338999833912,6570.755115818520608
14637,6462,1,,,N,N,Y,Y,Y,"3","3","3",58706,63986,63986,,,,20,,100,,"1",1997/01/30 03:00:00.000,,,2018/06/14 20:15:44.000,"1",TSTE490,,,,1775980.821832000045106,5332.652658535360388
14638,2976,1,,,N,N,Y,Y,Y,"3","3","3",58706,63986,63986,,,,20,,100,,"1",1997/01/30 03:00:00.000,,,2018/06/14 20:15:44.000,"1",TSTE490,,US PATENT NO 46-70-0085,,27966134.798833500593901,21166.886765165501856
14688,2926,1,,,N,N,Y,Y,Y,"1","1","1",58706,63986,63986,,,,20,,100,,"1",1997/01/30 03:00:00.000,,,2018/06/14 20:15:44.000,"1",TSTE490,,,,26397690.386532500386238,27668.304014162098611
15103,15580,1,,,N,N,Y,Y,Y,"9","9","9",58706,63986,63986,,,,39,,100,,"2",,1997/01/30 03:00:00.000,,2021/11/10 19:46:08.000,"1",TSTE490,,,,5539.969955999999911,321.598405471347007
15268,3272,1,,,N,N,Y,Y,Y,"3","3","3",58706,63986,63986,,,,20,,100,,"2",,1997/01/30 03:00:00.000,,2016/11/17 11:29:23.000,"1",JDUG490,,,,8901803.898514499887824,19435.484566631799680
15273,10814,1,,,N,N,Y,Y,Y,"3","3","3",58706,63986,63986,,,,39,,100,,"2",,1997/01/30 03:00:00.000,,2016/11/15 20:32:51.000,"1",JDUG490,,US PATENT NO 46-87-0005,,913804.911918999976479,4771.918146186299964
15761,10534,1,,,N,N,Y,Y,Y,"75","3","75",58706,63986,63986,,,,39,,100,,"1",1997/01/30 03:00:00.000,,,2017/03/09 18:26:14.000,"1",JDUG490,,02-051275 02-000002 CLEAR LIST NO 11 INDEMNITY,,1738259.954750000033528,5275.993052814730618
15763,10533,1,,,N,N,Y,Y,Y,"75","3","75",58706,63986,63986,,,,39,,100,,"1",2005/09/24 03:00:00.000,,,2017/03/09 18:26:14.000,"1",JDUG490,,02-051275 CLEAR LIST 11 INDEMNITY,,10423736.515472000464797,13198.474893374201201
15775,13660,1,,,N,N,Y,Y,Y,"75","3","75",58706,63986,63986,,,,39,,100,,"1",1997/01/30 03:00:00.000,,,2017/03/09 18:26:14.000,"1",JDUG490,,02-051275 US PATENT NO 46-87-0005,,8396345.605039000511169,21253.877304422599991
16569,3059,1,,,N,N,N,Y,N,"0","8","0",58706,63986,63986,,,,20,,100,,"2",,1997/01/30 03:00:00.000,,2022/05/11 19:39:36.000,"1",TSTE490,,CLEAR LIST 4 NORMAL SCHOOL,,3540886.084030499681830,7981.623291877769589
16570,3056,1,,,N,N,Y,Y,Y,"3","8","3",58706,63986,63986,,,,20,,100,,"1",1997/01/30 03:00:00.000,,,2022/05/11 19:39:36.000,"1",TSTE490,,CLEAR LIST 4 NORMAL SCHOOL,,1831921.102934000082314,5415.645267629190130
16575,3055,1,,,N,N,Y,Y,Y,"8","8","8",58706,63986,63986,,,,20,,100,,"1",1997/01/30 03:00:00.000,,,2022/05/11 19:39:36.000,"1",TSTE490,,CLEAR LIST 4 NORMAL SCHOOL,,24616850.613386001437902,21292.448050386799878
16577,3061,1,,,N,N,Y,Y,Y,"3","3","3",58706,63986,63986,,,,20,,100,,"1",1997/01/30 03:00:00.000,,,2022/05/11 19:39:36.000,"1",TSTE490,,US PATENT NO 46-70-0084,,28097878.724895000457764,21211.587504746603372
16578,3048,1,,,N,N,Y,Y,Y,"8","8","8",58706,63986,63986,,,,20,,100,,"1",1997/01/30 03:00:00.000,,,2022/05/11 19:39:36.000,"1",TSTE490,,CLEAR LIST 4 NORMAL SCHOOL,,24830664.485024999827147,23973.539195300298161
16787,10575,1,,,N,N,Y,Y,Y,"3","3","3",58706,63986,63986,,,,39,,100,,"1",1997/01/30 03:00:00.000,,,2022/05/25 19:43:01.000,"1",TSTE490,,,,20364529.348398499190807,20456.495661683802609
16840,10573,1,,,N,N,Y,Y,Y,"3","3","3",58706,63986,63986,,,,39,,100,,"1",1997/01/30 03:00:00.000,,,2022/05/25 19:43:01.000,"1",TSTE490,,,,27987222.096220500767231,21149.919532630501635
16879,10570,1,,,N,N,Y,Y,Y,"3","3","3",58706,63986,63986,,,,39,,100,,"1",1997/01/30 03:00:00.000,,,2022/05/25 19:43:01.000,"1",TSTE490,,,,6935322.145104999653995,10527.355630228999871
16880,10578,1,,,N,N,Y,Y,Y,"3","3","3",58706,63986,63986,,,,39,,100,,"1",1997/01/30 03:00:00.000,,,2022/05/25 19:43:01.000,"1",TSTE490,,US PATENT NO 46-87-0008,,25561595.491342499852180,20290.729976131802687
16882,10574,1,,,N,N,Y,Y,Y,"3","3","3",58706,63986,63986,,,,39,,100,,"1",1997/01/30 03:00:00.000,,,2022/05/25 19:43:01.000,"1",TSTE490,,,,27975002.039951499551535,21151.296123344400257
17309,3041,1,,,N,N,Y,Y,Y,"8","8","8",58706,63986,63986,,,,20,,100,,"1",1997/01/30 03:00:00.000,,,2023/02/02 17:07:52.000,"1",TSTE490,,CLEAR LIST 4 NORMAL SCHOOL,,21335225.205809999257326,24019.144459814298898
17627,3042,1,,,N,N,N,Y,N,"0","8","0",58706,63986,63986,,,,20,,100,,"2",,1997/01/30 03:00:00.000,,2023/02/02 17:07:52.000,"1",TSTE490,,CLEAR LIST 4 NORMAL SCHOOL,,3595423.021100000012666,8038.417739265069940
17995,2936,1,,,N,N,Y,Y,Y,"1","1","1",58706,63986,63986,,,,20,,100,,"1",1997/01/30 03:00:00.000,,,2023/12/20 19:38:24.000,"1",TSTE490,,,,5406197.299053500406444,10738.886352689800333
5143,7366,1,,,N,N,N,Y,N,"0","9","0",58706,63986,63986,,,,14,,200,,"2",,1997/01/30 03:00:00.000,,2011/06/29 03:00:00.000,"1",jdug490,,,,3503783.855401999317110,7881.025871507420561
1763,7338,1,,,N,N,N,Y,N,"0","3","0",58706,63986,63986,,,,14,,200,,"2",,1997/01/30 03:00:00.000,,2011/06/29 03:00:00.000,"1",jdug490,,,,519692.383863000024576,2904.884061633440069
8352,6774,1,,,N,N,Y,Y,Y,"3","3","3",58706,63986,63986,,,,16,,200,,"1",1997/01/30 03:00:00.000,,,2011/06/29 03:00:00.000,"1",jdug490,,US PATENT NO 46-71-0002,,25754509.450050000101328,20159.284609936497873
9786,6770,1,,,N,N,Y,Y,Y,"3","3","3",58706,63986,63986,,,,16,,200,,"1",1997/01/30 03:00:00.000,,,2011/06/29 03:00:00.000,"1",jdug490,,,,2971094.493174999952316,8673.932846375329973
5578,105,1,,,N,N,Y,Y,Y,"3","3","3",58706,63986,63986,,,,14,,400,,"1",1997/01/30 03:00:00.000,,,2015/06/24 21:04:38.000,"1",JDUG490,,,,878170.964311499963515,3989.849505380250321
18437,118305,1,,,N,N,N,Y,N,"0","3","0",58706,63986,63986,,,,14,,900,,"2",1997/01/30 03:00:00.000,2017/03/17 03:00:00.000,,2017/05/31 20:32:35.000,"0",JDUG490,,86-000393,,65912.630950499995379,2386.718653428740254
13927,13937,1,,,N,N,Y,Y,Y,"3","3","3",58706,63986,63986,,,,14,,400,,"1",1997/01/30 03:00:00.000,,,2018/03/14 20:26:50.000,"1",TSTE490,,86-000393,,1152699.890667499974370,5772.241663661679922
15338,7228,1,,,N,N,N,Y,N,"0","3","0",58706,63986,63986,,,,14,,400,,"2",,1997/01/30 03:00:00.000,,2018/03/14 20:26:50.000,"1",TSTE490,,US PATENT NO 46-70-0098,,5391976.511274999938905,10400.943132891101413
15799,13942,2,,,N,N,Y,Y,Y,"3","3","3",999999,999999,999999,,,,14,,400,,"1",1997/01/30 03:00:00.000,,,2018/03/14 20:26:50.000,"0",TSTE490,,86-000393,02-093017,113174.807146999999532,2042.345147925070023
16088,13943,2,,,N,N,Y,Y,Y,"3","0","3",999999,999999,999999,,,,14,,900,,"1",1997/01/30 03:00:00.000,,EDIT CORRECTION MERGE PCL 116673,2018/03/14 20:26:50.000,"0",TSTE490,,86-000393,02-093017,409465.666296500014141,3322.753945402780118
18017,118307,1,,,N,N,N,Y,N,"0","3","0",58706,63986,63986,,,,14,,400,,"2",1997/01/30 03:00:00.000,2017/03/17 03:00:00.000,,2017/05/31 20:32:35.000,"0",JDUG490,,86-000393,,1186406.132461499888450,4773.192062015101328
