OBJECTID,OwnershipT,FundCode,SurfaceOwn,Subsurface,Subsurfa_1,SurfaceAcr,ControlSou,PolygonID,Acquisitio,Township_T,Range_Temp,FirstDivis,ParcelName,Calculated,IsActive,IsAuto,GlobalID,CreateDate,UpdateDate,CreateUser,UpdateUser,Access,Shape.STAr,Shape.STLe
406,"0",AF,Y,"1",0.000000000000000,0.000000000000000,,PG00052B,AQ52,"2","3","15",,26.543986310000001,"1","0",{38807C96-2250-4202-B36B-E6DFDBDDE6A6},2009/06/19 02:00:00.000,2021/07/15 00:15:00.000,tstore,SDE,"1",107419.701715984992916,1673.279691300552258
407,"0",DQ,Y,"1",0.000000000000000,0.000000000000000,,PG00090C,AQ90,"1","4","4",,5.826652470000000,"1","0",{B11A2701-2993-43DC-81A5-72F60A6C8F8E},2009/06/19 02:00:00.000,2021/07/15 00:15:00.000,tstore,SDE,"1",23579.626026130001264,830.537303890531575
436,"0",AF,Y,"2",0.000000000000000,101.200000000000003,,PG00007A,AQ7,"3","1","14",,99.477519400000006,"1","0",{15552F2B-F3CF-4DA9-93CB-F47D56E222AE},2009/06/19 02:00:00.000,2021/07/15 00:15:01.000,tstore,SDE,"1",402571.239030690048821,3213.083676923708936
438,"0",DQ,Y,"1",0.000000000000000,0.000000000000000,,PG00091A,AQ91,"1","4","9",,59.235173549999999,"1","0",{53D7C37D-DCAA-4114-81DA-E6F2CF5491DE},2009/06/19 02:00:00.000,2021/07/15 00:15:01.000,tstore,SDE,"1",239716.242993705003755,1994.778802821013414
592,"0",AF,Y,"2",0.000000000000000,40.000000000000000,,PG00022B,AQ22,"3","2","12",,40.180018779999997,"1","0",{66449EA4-712C-4AE8-AD1D-611F588CA906},2009/06/19 02:00:00.000,2021/07/15 00:15:06.000,tstore,SDE,"1",162602.767360280005960,1613.016281835085465
600,"0",AF,Y,"2",0.000000000000000,20.000000000000000,,PG00022D,AQ22,"3","2","12",,20.054368510000000,"1","0",{91673143-8DD4-4F6D-8A77-2A55186121F1},2009/06/19 02:00:00.000,2021/07/15 00:15:07.000,tstore,SDE,"1",81157.150160460005281,1819.153376636495523
601,"0",AF,Y,"2",0.000000000000000,5.000000000000000,,PG00025F,AQ25,"3","2","23",,5.019935060000000,"1","0",{A28C741D-8539-49B3-8D7F-92CD1676E0B3},2009/06/19 02:00:00.000,2021/07/15 00:15:07.000,tstore,SDE,"1",20314.956498974999704,604.291235596834213
602,"0",AF,Y,"4",0.000000000000000,10.000000000000000,,PG00054C,AQ54,"2","3","17",,10.057309480000001,"1","0",{ACBBF310-7BC5-4418-8DB2-7A5BC5591B06},2009/06/19 02:00:00.000,2021/07/15 00:15:07.000,tstore,SDE,"4",40700.487569595010427,1008.677460561897760
612,"0",AF,Y,"2",0.000000000000000,262.680000000000007,,PG00020A,AQ20,"3","2",,,262.648012670000014,"1","0",{AEDAA5E3-CA76-44AC-843A-C3E14B2E9FC9},2009/06/19 02:00:00.000,2021/07/15 00:15:07.000,tstore,SDE,"1",1062898.798939394997433,5549.520477475604821
614,"0",FL,Y,"1",20.000000000000000,20.000000000000000,,PG00112A,AQ112,"5","4","29",,20.086831140000001,"1","0",{8FD59BE8-A782-4A06-9EB0-CE7BF2355769},2009/06/19 02:00:00.000,2021/07/15 00:15:07.000,tstore,SDE,"1",81288.521775285000331,1209.310903705323426
615,"0",FL,Y,"1",20.000000000000000,20.000000000000000,,PG00112B,AQ112,"5","4","29",,20.113350459999999,"1","0",{8A4C9E2A-7621-4FBF-BB05-C92268CEB42E},2009/06/19 02:00:00.000,2021/07/15 00:15:07.000,tstore,SDE,"1",81395.841662199993152,1210.086306642260752
658,"0",AF,Y,"2",0.000000000000000,20.000000000000000,,PG00025B,AQ25,"3","2","23",,19.854374979999999,"1","0",{F840BE20-F6DE-40A8-92E6-A8BEAB712740},2009/06/19 02:00:00.000,2021/07/15 00:15:09.000,tstore,SDE,"1",80347.805065130000003,1203.929164870020713
659,"0",AF,Y,"2",0.000000000000000,20.000000000000000,,PG00025D,AQ25,"3","2","23",,20.025309379999999,"1","0",{48741E32-AEB5-4C60-8547-66BD0595739C},2009/06/19 02:00:00.000,2021/07/15 00:15:09.000,tstore,SDE,"1",81039.552043724994292,1208.148922796896613
2202,"0",DQ,Y,"1",0.000000000000000,0.000000000000000,,PG00090A,AQ90,"1","4","4",,32.592861470000003,"1","0",{4CA90ADF-4EC3-4A93-8522-9F944DDA61F1},2009/06/19 02:00:00.000,2021/07/15 00:16:12.000,tstore,SDE,"1",131898.631030054995790,1555.067725151449622
2266,"0",AF,Y,"2",0.000000000000000,40.000000000000000,,PG00022C,AQ22,"3","2","12",,40.103070299999999,"1","0",{2280D07F-7AB0-4982-85B6-440FE1257EA9},2009/06/19 02:00:00.000,2021/07/15 00:16:14.000,tstore,SDE,"1",162291.367911395005649,2019.534558355762329
2267,"0",AF,Y,"2",0.000000000000000,10.000000000000000,,PG00023A,AQ23,"3","2","14",,9.933872729999999,"1","0",{6120753C-5EC0-48D4-881A-13AFD8F903DA},2009/06/19 02:00:00.000,2021/07/15 00:16:14.000,tstore,SDE,"1",40200.956768830008514,802.016308748887241
2268,"0",AF,Y,"2",0.000000000000000,10.000000000000000,,PG00025E,AQ25,"3","2","23",,10.039598489999999,"1","0",{185E3ABE-438F-45C4-BB2E-5CD395244A96},2009/06/19 02:00:00.000,2021/07/15 00:16:14.000,tstore,SDE,"1",40628.813718974997755,806.286992344170699
3270,"0",DQ,Y,"1",0.000000000000000,0.000000000000000,"26",PG00091B,AQ91,"1","4","9",,40.075948949999997,"1","0",{6F701AEF-6A72-4B47-9CB3-223D34F6024D},2009/06/19 02:00:00.000,2021/07/15 00:16:55.000,tstore,SDE,"1",162181.611711139994441,1610.882026017082126
3271,"0",FL,Y,"1",80.000000000000000,80.000000000000000,"26",PG00046A,AQ46,"1","3","18",,79.486946849999995,"1","0",{A8CEF85D-238D-4E27-A31A-48E2AEC95BA9},2009/06/19 02:00:00.000,2021/07/15 00:16:55.000,tstore,SDE,"1",321672.261994494998362,2405.462564724972253
3273,"0",FL,Y,"1",39.710000000000001,39.710000000000001,"26",PG00087B,AQ87,"1","4","32",,39.452302500000002,"1","0",{4EBBCA4C-C918-403D-9B42-550AAB875A25},2009/06/19 02:00:00.000,2021/07/15 00:16:55.000,tstore,SDE,"1",159657.804081774986116,1628.032135207599595
3275,"0",FL,Y,"2",0.000000000000000,40.000000000000000,"26",PG00085A,AQ85,"1","4","25",,40.232210389999999,"1","0",{87BB2861-8709-49D5-BBF0-F5311DD616F6},2009/06/19 02:00:00.000,2021/07/15 00:16:55.000,tstore,SDE,"1",162813.979329114983557,1614.030194822257045
3276,"0",FL,Y,"2",0.000000000000000,40.000000000000000,"26",PG00084A,AQ84,"1","4","24",,39.595826109999997,"1","0",{6B2BE741-2475-4A0F-8345-53D8C78924AA},2009/06/19 02:00:00.000,2021/07/15 00:16:55.000,tstore,SDE,"1",160238.623499339999398,1601.272639350141390
3464,"0",DQ,Y,"1",0.000000000000000,40.000000000000000,"26",PG00091C,AQ91,"1","4","9",,40.091543399999999,"1","0",{F191B106-B245-4815-9781-446F001B7C1B},2009/06/19 02:00:00.000,2021/07/15 00:17:02.000,tstore,SDE,"1",162244.720229630009271,1611.191823060838033
3516,"0",FL,Y,"2",0.000000000000000,80.000000000000000,"26",PG00002A,AQ2,"1","1","19",,79.901095040000001,"1","0",{9C480DDA-9A03-45F6-B350-EAA710372FF1},2009/06/19 02:00:00.000,2021/07/15 00:17:04.000,tstore,SDE,"4",323348.260255185072310,2412.674809644312063
8660,"0",DQ,Y,"1",0.000000000000000,40.000000000000000,"26",PG00090B,AQ90,"1","4","4",,40.091459440000001,"1","0",{6A78B541-2960-439B-B15E-51E742B387E6},2009/06/19 02:00:00.000,2021/07/15 00:20:27.000,tstore,SDE,"1",162244.380447339994134,1611.199556125874324
8662,"0",FL,Y,"1",160.000000000000000,160.000000000000000,"26",PG00047A,AQ47,"1","3","33",,159.317186240000012,"1","0",{03F22907-8558-4387-924E-BAAB61B59F68},2009/06/19 02:00:00.000,2021/07/15 00:20:27.000,tstore,SDE,"1",644733.779585100011900,3213.007626391574831
8663,"0",FL,Y,"2",0.000000000000000,80.000000000000000,"26",PG00003A,AQ3,"1","1","20",,79.681780790000005,"1","0",{C4268684-7C4E-4C07-894A-E846023114FF},2009/06/19 02:00:00.000,2021/07/15 00:20:28.000,tstore,SDE,"1",322460.726984960027039,2408.700674512431306
9082,"0",AF,Y,"2",0.000000000000000,40.000000000000000,"26",PG00059B,AQ59,"3","3","17",,40.159689550000003,"1","0",{DF905D08-2587-4144-A943-04400CD1C8CE},2009/06/19 02:00:00.000,2021/07/15 00:20:46.000,tstore,SDE,"1",162520.497908774996176,1612.614032089675675
9083,"0",FL,Y,"1",80.000000000000000,80.000000000000000,"26",PG00029E,AQ29,"3","2","1",,80.696308020000004,"1","0",{8536E2EF-4D8B-40E6-B2FD-A07507980C00},2009/06/19 02:00:00.000,2021/07/15 00:20:46.000,tstore,SDE,"4",326566.373021734994836,2429.369981702074256
9084,"0",FL,Y,"1",40.000000000000000,40.000000000000000,"26",PG00029F,AQ29,"3","2","1",,40.017463669999998,"1","0",{27AD6709-E383-474D-80F0-6E4FCEEA82DF},2009/06/19 02:00:00.000,2021/07/15 00:20:46.000,tstore,SDE,"4",161944.930180460010888,1609.701366144470057
9085,"0",FL,Y,"1",39.960000000000001,39.960000000000001,"26",PG00029A,AQ29,"3","2","1",,40.215273449999998,"1","0",{F7A82C62-762B-4221-A1CE-E9EF523E4F6C},2009/06/19 02:00:00.000,2021/07/15 00:20:46.000,tstore,SDE,"4",162745.437971529987408,1613.691018370166375
9086,"0",FL,Y,"1",39.960000000000001,39.960000000000001,"26",PG00029C,AQ29,"3","2","1",,40.021574710000003,"1","0",{1947F8CB-9197-433F-AE3F-2164C1AA5376},2009/06/19 02:00:00.000,2021/07/15 00:20:47.000,tstore,SDE,"4",161961.566995914967265,1609.800481162392543
9088,"0",AF,Y,"2",0.000000000000000,40.000000000000000,"26",PG00022A,AQ22,"3","2","12",,40.216559359999998,"1","0",{B8A39EC5-DB3C-442B-83EE-B2270C9D5919},2009/06/19 02:00:00.000,2021/07/15 00:20:47.000,tstore,SDE,"1",162750.641862640011823,1613.729222113732249
9089,"0",FL,Y,"1",40.000000000000000,40.000000000000000,"26",PG00013B,AQ13,"3","1","7",,39.914066079999998,"1","0",{785D1266-1421-4070-BB5C-340AE4001ECA},2009/06/19 02:00:00.000,2021/07/15 00:20:47.000,tstore,SDE,"4",161526.494993925007293,1607.621448618505838
9090,"0",AF,Y,"2",0.000000000000000,80.000000000000000,"26",PG00009A,AQ9,"3","1","15",,80.156051480000002,"1","0",{0EC4D441-0B10-4A4F-A99C-218E13CF8A7C},2009/06/19 02:00:00.000,2021/07/15 00:20:47.000,tstore,SDE,"1",324380.032350405002944,2414.409005510512088
9091,"0",AF,Y,"2",0.000000000000000,40.000000000000000,"26",PG00008A,AQ8,"3","1","14",,40.104328279999997,"1","0",{9D1BC474-38E7-4959-9F62-6D3E4125E824},2009/06/19 02:00:00.000,2021/07/15 00:20:47.000,tstore,SDE,"1",162296.458805605012458,1611.521337749915801
9111,"0",FL,Y,"1",160.000000000000000,160.000000000000000,"26",PG00028A,AQ28,"2","2","17",,158.844739210000000,"1","0",{8068C502-BA48-40C4-A019-66647CCAA2DD},2009/06/19 02:00:00.000,2021/07/15 00:20:47.000,tstore,SDE,"1",642821.854274329845794,4005.875906883843072
9112,"0",AF,Y,"2",0.000000000000000,40.000000000000000,"26",PG00060B,AQ60,"3","3","20",,40.075163070000002,"1","0",{D46D27BD-573C-4210-A821-854990493526},2009/06/19 02:00:00.000,2021/07/15 00:20:47.000,tstore,SDE,"1",162178.431364020012552,1610.856846875058864
9113,"0",FL,Y,"1",80.000000000000000,80.000000000000000,"26",PG00029G,AQ29,"3","2","1",,80.395552179999996,"1","0",{0AFADAC1-71E7-4DB7-BBFF-856743B8290A},2009/06/19 02:00:00.000,2021/07/15 00:20:47.000,tstore,SDE,"4",325349.257298515003640,2415.974731318504382
9116,"0",FL,Y,"1",35.280000000000001,35.280000000000001,"26",PG00013A,AQ13,"3","1","7",,35.151793949999998,"1","0",{8284329E-9B93-4452-B76A-0AA7CBF2FAE9},2009/06/19 02:00:00.000,2021/07/15 00:20:48.000,tstore,SDE,"4",142254.263392440014286,1511.508532623446172
9117,"0",FL,Y,"1",35.210000000000001,35.210000000000001,"26",PG00012A,AQ12,"3","1","6",,35.037293540000000,"1","0",{BB87921A-7B0F-4D38-B50D-FF0037C43D90},2009/06/19 02:00:00.000,2021/07/15 00:20:48.000,tstore,SDE,"4",141790.896681835001800,1509.548412569344691
9118,"0",AF,Y,"2",0.000000000000000,320.000000000000000,"26",PG00010A,AQ10,"3","1","22",,321.527569669999991,"1","0",{20FEF95F-DE7F-4011-AE9D-BE4151F57375},2009/06/19 02:00:00.000,2021/07/15 00:20:48.000,tstore,SDE,"1",1301175.912783815059811,4838.303762796625051
9123,"0",FL,Y,"2",0.000000000000000,80.000000000000000,"26",PG00117A,AQ117,"5","4","36",,80.370686090000007,"1","0",{B7AEBD00-FEC0-4E15-879A-508BC696E9CE},2009/06/19 02:00:00.000,2021/07/15 00:20:48.000,tstore,SDE,"4",325248.627825699979439,2420.690083873065760
9124,"0",FL,Y,"1",27.280000000000001,27.280000000000001,"26",PG00112D,AQ112,"5","4","29",,27.712133309999999,"1","0",{0A38000F-4537-4966-BF5C-423A71E552E5},2009/06/19 02:00:00.000,2021/07/15 00:20:48.000,tstore,SDE,"1",112147.024891805005609,1372.688501717828785
9125,"0",FL,Y,"2",0.000000000000000,320.000000000000000,"26",PG00109A,AQ109,"5","4","26",,321.844532870000023,"1","0",{EFC5372C-DB81-4558-8561-0C87F5D8E68D},2009/06/19 02:00:00.000,2021/07/15 00:20:48.000,tstore,SDE,"1",1302458.617332010064274,4842.038341075141943
9130,"0",FL,Y,"2",0.000000000000000,40.000000000000000,"26",PG00117B,AQ117,"5","4","36",,40.174451740000002,"1","0",{7DB8D956-161C-4669-B3E1-890C820FAE96},2009/06/19 02:00:00.000,2021/07/15 00:20:48.000,tstore,SDE,"4",162580.238348420010880,1612.884996920121921
9131,"0",FL,Y,"2",0.000000000000000,80.000000000000000,"26",PG00108A,AQ108,"5","4","25",,80.400918730000001,"1","0",{0AAFDEAC-94CE-4425-8833-15C9AD800279},2009/06/19 02:00:00.000,2021/07/15 00:20:48.000,tstore,SDE,"4",325370.974944590008818,2420.961007575322583
9132,"0",FL,Y,"2",0.000000000000000,80.000000000000000,"26",PG00075B,AQ75,"5","3","31",,80.364526010000006,"1","0",{A329EC06-3D8C-439E-878C-A0215F0E6D28},2009/06/19 02:00:00.000,2021/07/15 00:20:48.000,tstore,SDE,"4",325223.698836604948156,2420.415439866730139
9219,"0",FL,Y,"1",80.000000000000000,80.000000000000000,"26",PG00033A,AQ33,"3","2","12",,80.010093650000002,"1","0",{F7707020-5973-4A30-A9B5-0A9AB3AC6A10},2009/06/19 02:00:00.000,2021/07/15 00:20:51.000,tstore,SDE,"4",323789.361973325023428,2416.814324411942380
9220,"0",AF,Y,"2",0.000000000000000,80.000000000000000,"26",PG00025C,AQ25,"3","2","23",,79.769864900000002,"1","0",{AD88214D-D3A6-44C8-B2CE-045686139047},2009/06/19 02:00:00.000,2021/07/15 00:20:51.000,tstore,SDE,"1",322817.190712679992430,2409.828057336966140
9221,"0",AF,Y,"2",0.000000000000000,80.000000000000000,"26",PG00025A,AQ25,"3","2","23",,79.465560120000006,"1","0",{773B6672-9A3C-4CFF-8071-B91392467A77},2009/06/19 02:00:00.000,2021/07/15 00:20:51.000,tstore,SDE,"1",321585.712977115006652,2408.186702217699803
9229,"0",FL,Y,"1",0.000000000000000,80.000000000000000,"26",PG00101B,AQ101,"8","4","17",,79.711811999999995,"1","0",{4A27AC33-E2E8-41A3-AABE-0160D0F83C93},2009/06/19 02:00:00.000,2021/07/15 00:20:52.000,tstore,SDE,"4",322582.258967034984380,2409.628831329985132
9230,"0",FL,Y,"1",40.000000000000000,40.000000000000000,"26",PG00101A,AQ101,"8","4","17",,39.819821830000002,"1","0",{1ED4F45A-FDE3-4AA9-AF20-B19073414820},2009/06/19 02:00:00.000,2021/07/15 00:20:52.000,tstore,SDE,"4",161145.102048800006742,1605.716185260836028
9287,"0",AG,Y,"1",80.000000000000000,80.000000000000000,"10",PG13648B,AQ13648,"44","97","31",,80.185020050000006,"1","0",{220FCF19-440A-41BB-8FF9-47210C4F8177},2009/06/19 02:00:00.000,2021/07/15 00:20:54.000,tstore,SDE,"1",324497.264014374988619,2419.716879405677446
9346,"0",AG,Y,"1",320.000000000000000,320.000000000000000,"10",PG13650A,AQ13650,"44","97","32",,320.734413300000028,"1","0",{733FE27E-1E7B-4AA9-AF4B-011DA42F8CB5},2009/06/19 02:00:00.000,2021/07/15 00:20:56.000,tstore,SDE,"1",1297966.122819415293634,4833.015684236041125
9433,"0",CS,Y,"1",159.490000000000009,159.490000000000009,"10",PG13842B,AQ13842,"44","98","36",,158.181359950000001,"1","0",{AACE6E52-6610-4D6E-8BFC-6D08A95071C0},2009/06/19 02:00:00.000,2021/07/15 00:20:59.000,tstore,SDE,"1",640137.253656025161035,3222.749648128171430
9472,"0",CS,Y,"1",80.000000000000000,80.000000000000000,"10",PG13842C,AQ13842,"44","98","36",,79.533804320000002,"1","0",{989C7638-8E47-4701-BC90-0A4CAFA7D4DB},2009/06/19 02:00:00.000,2021/07/15 00:21:00.000,tstore,SDE,"1",321861.887429900001734,2406.712948337960825
9473,"0",AG,Y,"1",36.899999999999999,36.899999999999999,"10",PG13648D,AQ13648,"44","97","31",,36.880562060000003,"1","0",{0859D4CC-E2A7-4941-8BD3-376468B7B128},2009/06/19 02:00:00.000,2021/07/15 00:21:00.000,tstore,SDE,"1",149250.339740819967119,1546.862326620415161
9476,"0",SR,Y,"1",80.000000000000000,80.000000000000000,"10",PG13651B,AQ13651,"44","97","32",,80.880126439999998,"1","0",{FC639852-2B3E-43BB-8E6B-AA9ECE503C4B},2009/06/19 02:00:00.000,2021/07/15 00:21:00.000,tstore,SDE,"1",327310.259772064979188,2424.134480194430125
10056,"0",CS,Y,"1",30.199999999999999,30.199999999999999,"7",PG14009A,AQ14009,"34","99","36",,29.991152369999998,"1","0",{F4920B4C-8D5D-4801-A60C-11BF88D481CD},2009/06/19 02:00:00.000,2021/07/15 00:21:25.000,tstore,SDE,"1",121369.887853074993473,1863.532994180285868
15517,"0",GA,Y,"4",0.000000000000000,40.000000000000000,"26",PG00015A,AQ15,"2","2","10",,40.135396559999997,"1","0",{241971A7-497E-45AA-9207-7E62B11623C5},2009/06/19 02:00:00.000,2021/07/15 00:25:00.000,tstore,SDE,"1",162422.187643950019265,1612.067969365474482
15518,"0",AF,Y,"2",0.000000000000000,160.000000000000000,"26",PG00058A,AQ58,"3","3","16",,161.092644460000002,"1","0",{C417AB7C-3E78-4BBC-A9F2-5A23DAE6610A},2009/06/19 02:00:00.000,2021/07/15 00:25:00.000,tstore,SDE,"1",651918.804096790030599,3229.658810315348546
15519,"0",FL,Y,"1",39.960000000000001,39.960000000000001,"26",PG00029B,AQ29,"3","2","1",,40.175528849999999,"1","0",{0D4F7603-617B-4652-A89B-267A9E0CE548},2009/06/19 02:00:00.000,2021/07/15 00:25:00.000,tstore,SDE,"4",162584.597286359989084,1612.902450898557845
15520,"0",FL,Y,"1",39.960000000000001,39.960000000000001,"26",PG00029D,AQ29,"3","2","1",,39.984098449999998,"1","0",{62784EEE-8C5B-4B54-BFE8-62D22A0A08B2},2009/06/19 02:00:00.000,2021/07/15 00:25:00.000,tstore,SDE,"4",161809.905943855002988,1609.046088251981473
15521,"0",AF,Y,"2",0.000000000000000,40.000000000000000,"26",PG00025G,AQ25,"3","2","23",,40.090382239999997,"1","0",{4F8C0395-EE2C-43C8-BBDC-6BEFCDB67F25},2009/06/19 02:00:00.000,2021/07/15 00:25:00.000,tstore,SDE,"1",162240.021153075009352,1611.180921934912703
15522,"0",FL,Y,"1",40.000000000000000,40.000000000000000,"26",PG00012B,AQ12,"3","1","6",,39.858176540000002,"1","0",{5E6E8646-7774-432B-9183-28B7AE2A0ED0},2009/06/19 02:00:00.000,2021/07/15 00:25:00.000,tstore,SDE,"4",161300.318030449998332,1606.699806756562793
15527,"0",FL,Y,"1",12.949999999999999,12.949999999999999,"26",PG00112C,AQ112,"5","4","29",,12.487107190000000,"1","0",{EFB60170-95FE-409E-A0AA-2A7A5BA4ED80},2009/06/19 02:00:00.000,2021/07/15 00:25:01.000,tstore,SDE,"1",50533.530048020002141,1085.858571185105802
15528,"0",FL,Y,"2",0.000000000000000,160.000000000000000,"26",PG00108B,AQ108,"5","4","25",,160.691219660000002,"1","0",{F1943663-68D7-4593-B6DA-8DA7A5345906},2009/06/19 02:00:00.000,2021/07/15 00:25:01.000,tstore,SDE,"4",650294.295565224951133,4035.625794826728907
15529,"0",FL,Y,"2",0.000000000000000,320.000000000000000,"26",PG00107A,AQ107,"5","4","23",,321.997894560000020,"1","0",{1A808912-1605-478B-BD73-60E74F20B880},2009/06/19 02:00:00.000,2021/07/15 00:25:01.000,tstore,SDE,"1",1303079.250070604961365,4843.304926466420511
15530,"0",FL,Y,"1",40.000000000000000,40.000000000000000,"26",PG00102A,AQ102,"8","4","18",,39.907645830000000,"1","0",{7B3B6D38-FAFD-4A93-AF5E-443D2C03DBF7},2009/06/19 02:00:00.000,2021/07/15 00:25:01.000,tstore,SDE,"4",161500.513164989999495,1607.529941091265755
15593,"0",CS,Y,"1",320.000000000000000,320.000000000000000,"10",PG13842A,AQ13842,"44","98","36",,314.345868150000001,"1","0",{D81897B6-F187-4C72-A085-C52BC14BCB48},2009/06/19 02:00:00.000,2021/07/15 00:25:03.000,tstore,SDE,"1",1272112.597786529920995,4778.404379636945123
15597,"0",SR,Y,"1",80.000000000000000,80.000000000000000,"10",PG13649A,AQ13649,"44","97","31",,80.788784260000000,"1","0",{2D6775B1-0422-4171-B270-04720DB25877},2009/06/19 02:00:00.000,2021/07/15 00:25:03.000,tstore,SDE,"1",326940.611075595021248,2422.006612302150643
22479,"0",CS,Y,"1",27.199999999999999,27.199999999999999,"8",PG15470B,AQ15470,"40","105","16",,26.912366070000001,"1","0",{7557EFEB-35B3-496E-98BA-04C1F6C2DA3C},2009/06/19 02:00:00.000,2021/07/15 00:29:36.000,tstore,SDE,"2",108910.481694414993399,1345.167500960230200
22480,"0",CS,Y,"1",27.199999999999999,27.199999999999999,"8",PG15470C,AQ15470,"40","105","16",,26.914095270000001,"1","0",{527F6604-A2D9-42F8-8AE6-E93CCE5D6C61},2009/06/19 02:00:00.000,2021/07/15 00:29:36.000,tstore,SDE,"2",108917.479515625003842,1345.781644586087850
22481,"0",CS,Y,"1",27.180000000000000,27.180000000000000,"8",PG15470D,AQ15470,"40","105","16",,26.853242689999998,"1","0",{C3E4F138-D69F-4BA6-AE70-B5E9BF900B6D},2009/06/19 02:00:00.000,2021/07/15 00:29:36.000,tstore,SDE,"2",108671.217865644997801,1344.564149443186352
22482,"0",CS,Y,"1",27.219999999999999,27.219999999999999,"8",PG15470A,AQ15470,"40","105","16",,26.973134840000000,"1","0",{949C224D-7CB0-492F-A5B5-8F7462995702},2009/06/19 02:00:00.000,2021/07/15 00:29:36.000,tstore,SDE,"2",109156.404167695014621,1346.390464848110014
26419,"0",GA,Y,"1",160.000000000000000,160.000000000000000,"26",PG00026A,AQ26,"3","2","25",,159.028365809999997,"1","0",{314D34CA-11B1-4B66-A4BB-2764264D1300},2009/06/19 02:00:00.000,2021/07/15 00:32:17.000,tstore,SDE,"1",643564.964740109979175,3208.995378350152805
26445,"0",FL,Y,"2",0.000000000000000,40.000000000000000,"26",PG00075A,AQ75,"5","3","31",,40.044123229999997,"1","0",{7D4B6EB5-E13E-4253-8A79-778BFAA275DF},2009/06/19 02:00:00.000,2021/07/15 00:32:18.000,tstore,SDE,"4",162052.817601990012918,1610.263960527312065
26516,"0",AF,Y,"1",0.000000000000000,0.000000000000000,,PG00052A,AQ52,"2","3","15",,269.187441069999977,"1","0",{5FC7A6BA-19E2-45F9-A3DD-E50CA2DB2CFC},2009/06/19 02:00:00.000,2021/07/15 00:32:20.000,tstore,SDE,"1",1089362.926806400064379,5116.130073711717159
28535,"0",SR,Y,"1",47.869999999999997,47.869999999999997,"8",PG15469A,AQ15469,"40","105","4",,56.261188609999998,"1","0",{6C22C69E-1789-46D9-A259-0FC276C1BB2F},2009/06/19 02:00:00.000,2021/07/15 00:33:40.000,tstore,SDE,"1",196782.399913569999626,1790.729878128610153
133128,"0",GF,Y,"1",10.000000000000000,10.000000000000000,"7",LAND227833,,2N,5E,"26",,,"1","0",{ECAC59E1-7D68-4B0F-8DFC-E81610B15272},2022/07/22 21:02:11.000,2022/07/22 21:22:42.000,SHIANNE.FORNSTROM,SHIANNE.FORNSTROM,"5",40302.212647150001430,1004.276073973538018
133129,"0",GF,Y,"1",10.000000000000000,10.000000000000000,"7",LAND227832,,2N,5E,"26",,,"1","0",{98816FA6-6DAA-4108-A450-24A9633E73D4},2022/07/22 21:22:18.000,2022/07/22 21:25:14.000,SHIANNE.FORNSTROM,SHIANNE.FORNSTROM,"5",40271.529569530001027,1004.267633051685834
1059,"0",CS,Y,"1",18.340000000000000,18.340000000000000,"18",PG09994A,AQ9994,"58","84","16",,18.534867479999999,"1","0",{A1FF30D5-FEEF-4B54-9F1D-7B163D65D698},2009/06/19 02:00:00.000,2021/07/15 00:15:27.000,tstore,SDE,"4",75007.947677310003201,3401.863723919142558
1108,"0",CS,Y,"1",27.219999999999999,27.219999999999999,"18",PG11694A,AQ11694,"58","88","18",,27.723823140000000,"1","0",{57C05E1E-2972-466A-84A7-5565AFD91A3B},2009/06/19 02:00:00.000,2021/07/15 00:15:29.000,tstore,SDE,"4",112194.331956900001387,1359.327527275133207
1128,"0",CS,Y,"1",23.430000000000000,23.430000000000000,"18",PG10400C,AQ10400,"58","85","16",,25.928771410000000,"1","0",{9CE5CECC-5A3D-4B3C-8437-136420A02E9F},2009/06/19 02:00:00.000,2021/07/15 00:15:30.000,tstore,SDE,"4",104930.015323604995501,1330.063192182003149
1129,"0",CS,Y,"1",22.809999999999999,22.809999999999999,"18",PG10400B,AQ10400,"58","85","16",,24.698802929999999,"1","0",{FCA14366-522B-4EED-AFAD-AB7874091D35},2009/06/19 02:00:00.000,2021/07/15 00:15:30.000,tstore,SDE,"4",99952.509478079999099,1305.479962404785738
1130,"0",CS,Y,"1",24.020000000000000,24.020000000000000,"18",PG10400D,AQ10400,"58","85","16",,26.220990230000002,"1","0",{691707E7-C880-4B9D-A494-14ADA907367D},2009/06/19 02:00:00.000,2021/07/15 00:15:30.000,tstore,SDE,"4",106112.582943244997296,1334.670661880345278
1136,"0",CS,Y,"1",33.859999999999999,33.859999999999999,"18",PG11310A,AQ11310,"58","87","16",,36.768649029999999,"1","0",{09A35BB7-9B07-4A52-943A-45CF7D1F6CF0},2009/06/19 02:00:00.000,2021/07/15 00:15:30.000,tstore,SDE,"1",148797.443785284995101,2045.563006861647636
1293,"0",CS,Y,"1",35.670000000000002,35.670000000000002,"18",PG11310B,AQ11310,"58","87","16",,37.603026730000003,"1","0",{8686F3BD-CE98-4D60-BF14-7FE9FE2A76E0},2009/06/19 02:00:00.000,2021/07/15 00:15:35.000,tstore,SDE,"1",152174.050516635004897,1953.116272099849994
1296,"0",CS,Y,"1",25.300000000000001,25.300000000000001,"18",PG11693B,AQ11693,"58","88","16",,25.456327479999999,"1","0",{83EC5E96-E5E8-43F9-BFF7-A11C9029F242},2009/06/19 02:00:00.000,2021/07/15 00:15:36.000,tstore,SDE,"1",103018.102559339997242,1311.857599197400305
1297,"0",CS,Y,"1",25.539999999999999,25.539999999999999,"18",PG11693C,AQ11693,"58","88","16",,26.375080310000001,"1","0",{DDD6878B-1B9C-401F-A16D-8AC2A04EDBF6},2009/06/19 02:00:00.000,2021/07/15 00:15:36.000,tstore,SDE,"1",106736.163354214993888,1329.129826624233829
1299,"0",CS,Y,"1",25.789999999999999,25.789999999999999,"18",PG11693D,AQ11693,"58","88","16",,26.100485500000001,"1","0",{A01E418D-BD86-4EC7-ABED-B2BE4799A7ED},2009/06/19 02:00:00.000,2021/07/15 00:15:36.000,tstore,SDE,"1",105624.917605480004568,1328.960761335066991
5104,"0",CS,Y,"1",22.210000000000001,22.210000000000001,"18",PG10400A,AQ10400,"58","85","16",,23.467452139999999,"1","0",{46935C7A-0B6C-4847-8C15-6D15B7ACFAD6},2009/06/19 02:00:00.000,2021/07/15 00:18:08.000,tstore,SDE,"4",94969.409606689994689,1280.828101424712713
5123,"0",CS,Y,"1",25.050000000000001,25.050000000000001,"18",PG11693A,AQ11693,"58","88","16",,24.889939330000001,"1","0",{39F2A671-B74C-4073-B21C-4DBA8BB42F4A},2009/06/19 02:00:00.000,2021/07/15 00:18:09.000,tstore,SDE,"1",100726.011023284998373,1301.507348964012181
5124,"0",CS,Y,"1",27.300000000000001,27.300000000000001,"18",PG11694B,AQ11694,"58","88","18",,29.441604380000001,"1","0",{079E808C-EC4E-4100-AD39-9DF7C7CC279B},2009/06/19 02:00:00.000,2021/07/15 00:18:09.000,tstore,SDE,"4",119145.946022489995812,1393.218144346291865
