OBJECTID,PARCELID,GISACRES,L_ACRES,OWNERTYPE,SURF_ENDOW,SURF_END_1,SURF_ALPHA,created_us,created_da,last_edite,last_edi_1,SHAPE.STAr,SHAPE.STLe,GlobalID
694457,PN21956,641.559999999999945,650.830000000000041,Beneficiary: IDL Endowment,"1","100.00% Public School (Indemnity, Schools, Common Schools)",PS,GISDATAOWNER,2023/12/13 22:07:46.000,GISDATAOWNER,2023/12/13 22:07:46.000,2596320.573045520111918,6461.201446134463367,{1E75C281-1879-4815-AF91-53E37941F939}
694463,PN22002,640.980000000000018,640.000000000000000,Beneficiary: IDL Endowment,"1","100.00% Public School (Indemnity, Schools, Common Schools)",PS,GISDATAOWNER,2023/12/13 22:07:46.000,GISDATAOWNER,2023/12/13 22:07:46.000,2593964.855981105007231,6443.954141715908918,{AF9CC806-A4D9-4EDF-A7AE-F318FDB83FCA}
694468,PN22071,0.720000000000000,0.670000000000000,Beneficiary: IDL Endowment,"1","100.00% Public School (Indemnity, Schools, Common Schools)",PS,GISDATAOWNER,2023/12/13 22:07:46.000,GISDATAOWNER,2023/12/13 22:07:46.000,2913.188959284999783,495.647625756486207,{B1DBDC4F-00C4-4375-B73D-611468195F63}
694599,PN23553,56.079999999999998,55.700000000000003,Beneficiary: IDL Endowment,"10",100.00% General Fund,GF,GISDATAOWNER,2023/12/13 22:07:46.000,GISDATAOWNER,2023/12/13 22:07:46.000,226946.571321530005662,2099.234937446944969,{929E6431-BA89-4A74-949E-B42C0F25D5E3}
694636,PN24108,3.740000000000000,,Beneficiary: Other State Agency,"17",100.00% Dept. of Parks and Recreation,MPR,GISDATAOWNER,2023/12/13 22:07:46.000,GISDATAOWNER,2023/12/13 22:07:46.000,15142.594658635000087,538.475147081190130,{E8E83C05-1337-4F6E-8513-1389160DDE47}
694637,PN24118,484.129999999999995,479.949999999999989,Beneficiary: Other State Agency,"17",100.00% Dept. of Parks and Recreation,MPR,GISDATAOWNER,2023/12/13 22:07:46.000,GISDATAOWNER,2023/12/13 22:07:46.000,1959197.129435670096427,5639.640105330327970,{29FF0C16-9A96-4137-94EE-32F607C2090D}
694640,PN24155,162.199999999999989,160.000000000000000,Beneficiary: Other State Agency,"17",100.00% Dept. of Parks and Recreation,MPR,GISDATAOWNER,2023/12/13 22:07:46.000,GISDATAOWNER,2023/12/13 22:07:46.000,656384.825924444827251,3240.758522753196758,{DA763F0C-9016-4742-ADAB-C30789565611}
694641,PN24187,639.539999999999964,640.000000000000000,Beneficiary: Other State Agency,"17",100.00% Dept. of Parks and Recreation,MPR,GISDATAOWNER,2023/12/13 22:07:46.000,GISDATAOWNER,2023/12/13 22:07:46.000,2588135.040342755150050,6435.115635061356443,{F25DFDA3-6DB6-41AE-86CB-905A8DB58846}
694656,PN25099,0.890000000000000,,Beneficiary: Other State Agency,"17",100.00% Dept. of Parks and Recreation,MPR,GISDATAOWNER,2023/12/13 22:07:46.000,GISDATAOWNER,2023/12/13 22:07:46.000,3600.890388929999972,516.990765985495614,{0B21C369-1048-4C50-8161-905F50A17561}
694657,PN25131,2.720000000000000,,Beneficiary: Other State Agency,"17",100.00% Dept. of Parks and Recreation,MPR,GISDATAOWNER,2023/12/13 22:07:46.000,GISDATAOWNER,2023/12/13 22:07:46.000,11025.781838220002101,967.754608057386463,{614BB56D-C539-4315-BDBB-7E203322A1B4}
694659,PN25159,1.880000000000000,,Beneficiary: Other State Agency,"17",100.00% Dept. of Parks and Recreation,MPR,GISDATAOWNER,2023/12/13 22:07:46.000,GISDATAOWNER,2023/12/13 22:07:46.000,7597.919899405000251,884.889760077879373,{4ED3AD8E-B364-41C3-8338-496C17703CB6}
694660,PN25164,1.090000000000000,,Beneficiary: Other State Agency,"17",100.00% Dept. of Parks and Recreation,MPR,GISDATAOWNER,2023/12/13 22:07:46.000,GISDATAOWNER,2023/12/13 22:07:46.000,4396.663679860000229,731.019558592031672,{6D232BA6-36AE-4452-9E2E-4DA3B4081428}
695037,PN22017,940.850000000000023,940.889999999999986,Beneficiary: IDL Endowment,"1","100.00% Public School (Indemnity, Schools, Common Schools)",PS,GISDATAOWNER,2023/12/13 22:07:46.000,GISDATAOWNER,2023/12/13 22:07:46.000,3807510.706650529988110,8953.788033761904444,{39DECE8F-C944-44E9-A270-08C6CB42C2FC}
695220,PN24130,1.670000000000000,,Beneficiary: Other State Agency,"17",100.00% Dept. of Parks and Recreation,MPR,GISDATAOWNER,2023/12/13 22:07:46.000,GISDATAOWNER,2023/12/13 22:07:46.000,6752.139756984999622,928.274286203058978,{61F85AAD-19A8-4A38-8B21-D139CFD48D60}
695222,PN24178,586.759999999999991,588.070000000000050,Beneficiary: Other State Agency,"17",100.00% Dept. of Parks and Recreation,MPR,GISDATAOWNER,2023/12/13 22:07:46.000,GISDATAOWNER,2023/12/13 22:07:46.000,2374552.723014125134796,7131.448334970505130,{2697F235-39A0-45C5-86F5-7EFC4BDBEF1E}
695229,PN25150,0.520000000000000,,Beneficiary: Other State Agency,"17",100.00% Dept. of Parks and Recreation,MPR,GISDATAOWNER,2023/12/13 22:07:46.000,GISDATAOWNER,2023/12/13 22:07:46.000,2118.865609304999907,531.015039800570776,{227DFAE4-947C-44D7-A004-3FDD23890986}
695428,PN22070,1.660000000000000,1.710000000000000,Beneficiary: IDL Endowment,"1","100.00% Public School (Indemnity, Schools, Common Schools)",PS,GISDATAOWNER,2023/12/13 22:07:46.000,GISDATAOWNER,2023/12/13 22:07:46.000,6734.117014060000656,1177.042468390724252,{BBAAA2C8-3691-453F-9CB3-DC35C2458AF6}
695552,PN23552,49.259999999999998,,Beneficiary: IDL Endowment,"10",100.00% General Fund,GF,GISDATAOWNER,2023/12/13 22:07:46.000,GISDATAOWNER,2023/12/13 22:07:46.000,199366.748741290008184,1955.544659069983709,{C9100AE2-D391-4D31-A45A-0954046066D0}
695585,PN24113,281.089999999999975,,Beneficiary: Other State Agency,"17",100.00% Dept. of Parks and Recreation,MPR,GISDATAOWNER,2023/12/13 22:07:46.000,GISDATAOWNER,2023/12/13 22:07:46.000,1137516.290883590001613,4797.829750294160476,{409CB566-3C1F-49D1-BB34-09037BEEC035}
695586,PN24115,105.939999999999998,106.819999999999993,Beneficiary: Other State Agency,"17",100.00% Dept. of Parks and Recreation,MPR,GISDATAOWNER,2023/12/13 22:07:46.000,GISDATAOWNER,2023/12/13 22:07:46.000,428733.613454554928467,2796.523071217449342,{503898B1-BE17-4E94-8F29-3FF97FA704D3}
695587,PN24171,4.660000000000000,4.700000000000000,Beneficiary: Other State Agency,"17",100.00% Dept. of Parks and Recreation,MPR,GISDATAOWNER,2023/12/13 22:07:46.000,GISDATAOWNER,2023/12/13 22:07:46.000,18854.452577089999977,586.659179977544682,{992D71A4-1EBD-417D-8FDE-24EA49D2D40B}
695588,PN24185,20.000000000000000,20.000000000000000,Beneficiary: Other State Agency,"17",100.00% Dept. of Parks and Recreation,MPR,GISDATAOWNER,2023/12/13 22:07:46.000,GISDATAOWNER,2023/12/13 22:07:46.000,80951.212589820002904,1206.990502530066578,{568A63D8-204E-4260-8585-CEA7CD1E0E13}
695604,PN25125,0.910000000000000,,Beneficiary: Other State Agency,"17",100.00% Dept. of Parks and Recreation,MPR,GISDATAOWNER,2023/12/13 22:07:46.000,GISDATAOWNER,2023/12/13 22:07:46.000,3685.114917140000216,650.724802866517734,{012D6D72-3E3D-418E-B093-74E77802613F}
695732,PN21913,1.100000000000000,,Beneficiary: IDL Endowment,"1","100.00% Public School (Indemnity, Schools, Common Schools)",PS,GISDATAOWNER,2023/12/13 22:07:46.000,GISDATAOWNER,2023/12/13 22:07:46.000,4459.663081394999608,331.546666018911537,{5F32E6A6-7903-41CB-A74E-1E7C9DDD139D}
695735,PN21957,240.960000000000008,240.000000000000000,Beneficiary: IDL Endowment,"1","100.00% Public School (Indemnity, Schools, Common Schools)",PS,GISDATAOWNER,2023/12/13 22:07:46.000,GISDATAOWNER,2023/12/13 22:07:46.000,975143.519027745001949,5641.034047025455948,{A93296F1-E26D-40E4-8A1A-E3B8E7317CEB}
695867,PN23546,0.370000000000000,1.000000000000000,Beneficiary: IDL Endowment,"10",100.00% General Fund,GF,GISDATAOWNER,2023/12/13 22:07:46.000,GISDATAOWNER,2023/12/13 22:07:46.000,1496.187392529999897,149.329718691471925,{274CC6B9-2D1F-42F1-87C5-77A4AC3FDA6A}
695910,PN24141,24.890000000000001,24.410000000000000,Beneficiary: Other State Agency,"17",100.00% Dept. of Parks and Recreation,MPR,GISDATAOWNER,2023/12/13 22:07:46.000,GISDATAOWNER,2023/12/13 22:07:46.000,100716.259083715005545,1507.336205996908348,{F73686C1-6012-44E2-84DA-703020612EC3}
695912,PN24161,137.419999999999987,,Beneficiary: Other State Agency,"17",100.00% Dept. of Parks and Recreation,MPR,GISDATAOWNER,2023/12/13 22:07:46.000,GISDATAOWNER,2023/12/13 22:07:46.000,556108.831966805038974,4270.403369203349939,{85D57DF9-DF07-4394-B0B9-840F1A0B014A}
695921,PN25113,0.810000000000000,,Beneficiary: Other State Agency,"17",100.00% Dept. of Parks and Recreation,MPR,GISDATAOWNER,2023/12/13 22:07:46.000,GISDATAOWNER,2023/12/13 22:07:46.000,3283.100849774999915,464.118294700829495,{510BD3B2-4885-46EE-B9FD-1D5083B2C62B}
695922,PN25130,1.730000000000000,,Beneficiary: Other State Agency,"17",100.00% Dept. of Parks and Recreation,MPR,GISDATAOWNER,2023/12/13 22:07:46.000,GISDATAOWNER,2023/12/13 22:07:46.000,7009.482413779999661,599.335304521090961,{BBC33E24-B2B2-47D2-992E-1F36BAEC08A3}
695923,PN25132,0.460000000000000,,Beneficiary: IDL Endowment,"1","100.00% Public School (Indemnity, Schools, Common Schools)",PS,GISDATAOWNER,2023/12/13 22:07:46.000,GISDATAOWNER,2023/12/13 22:07:46.000,1875.625269054999990,346.763599260714216,{823C0785-E3B8-4F1B-BA6A-CFEEEEEA1C88}
695924,PN25135,0.020000000000000,,Beneficiary: Other State Agency,"17",100.00% Dept. of Parks and Recreation,MPR,GISDATAOWNER,2023/12/13 22:07:46.000,GISDATAOWNER,2023/12/13 22:07:46.000,61.910594685000000,89.520012025542783,{8B13FB9F-1021-423E-9926-19697FD4A2F3}
695925,PN25148,0.740000000000000,,Beneficiary: Other State Agency,"17",100.00% Dept. of Parks and Recreation,MPR,GISDATAOWNER,2023/12/13 22:07:46.000,GISDATAOWNER,2023/12/13 22:07:46.000,3010.038410650000060,630.788876689033032,{EA462257-3E84-4D22-9BC2-7873958654D8}
695926,PN25155,0.680000000000000,,Beneficiary: Other State Agency,"17",100.00% Dept. of Parks and Recreation,MPR,GISDATAOWNER,2023/12/13 22:07:46.000,GISDATAOWNER,2023/12/13 22:07:46.000,2739.649316619999809,336.136607413581032,{8FD1858B-C88E-473C-8C30-2AB5D5545323}
695927,PN25163,0.910000000000000,,Beneficiary: Other State Agency,"17",100.00% Dept. of Parks and Recreation,MPR,GISDATAOWNER,2023/12/13 22:07:46.000,GISDATAOWNER,2023/12/13 22:07:46.000,3698.837823440000193,577.862272504813177,{25050DE3-F5A4-41C3-89FA-2BDCD1C9D9A0}
696500,PN23491,160.520000000000010,160.000000000000000,Beneficiary: IDL Endowment,"8",100.00% University of Idaho,U,GISDATAOWNER,2023/12/13 22:07:46.000,GISDATAOWNER,2023/12/13 22:07:46.000,649587.273874304955825,4021.298011742308518,{634C1EE4-81FA-4765-ACFE-48C2000B77C6}
696521,PN23852,1.270000000000000,1.260000000000000,Beneficiary: Other State Agency,"15",100.00% Dept. of Fish and Game,MFG,GISDATAOWNER,2023/12/13 22:07:46.000,GISDATAOWNER,2023/12/13 22:07:46.000,5127.991058710000289,388.865762923155160,{BE6B2694-DDF9-4F10-A201-44C7B890F682}
696547,PN24159,0.140000000000000,,Beneficiary: Other State Agency,"17",100.00% Dept. of Parks and Recreation,MPR,GISDATAOWNER,2023/12/13 22:07:46.000,GISDATAOWNER,2023/12/13 22:07:46.000,558.980244934999973,97.653473866877235,{74E95E61-4166-4BEA-88BA-CEC0D38663D3}
696548,PN24164,131.830000000000013,131.500000000000000,Beneficiary: Other State Agency,"17",100.00% Dept. of Parks and Recreation,MPR,GISDATAOWNER,2023/12/13 22:07:46.000,GISDATAOWNER,2023/12/13 22:07:46.000,533501.189174009952694,2808.455886890072179,{6A897A5B-62C7-42C6-B51F-9B022D0CCF08}
696549,PN24174,606.879999999999995,604.850000000000023,Beneficiary: Other State Agency,"17",100.00% Dept. of Parks and Recreation,MPR,GISDATAOWNER,2023/12/13 22:07:46.000,GISDATAOWNER,2023/12/13 22:07:46.000,2455952.965874085202813,6578.525795314247262,{7024B222-84B9-4238-962A-09663B48110D}
696550,PN24182,207.280000000000001,217.199999999999989,Beneficiary: Other State Agency,"17",100.00% Dept. of Parks and Recreation,MPR,GISDATAOWNER,2023/12/13 22:07:46.000,GISDATAOWNER,2023/12/13 22:07:46.000,838855.263181759975851,5162.974901087393846,{DD33CA10-C15C-4B6B-8CB6-2DCF26023926}
696551,PN24183,38.189999999999998,38.100000000000001,Beneficiary: Other State Agency,"17",100.00% Dept. of Parks and Recreation,MPR,GISDATAOWNER,2023/12/13 22:07:46.000,GISDATAOWNER,2023/12/13 22:07:46.000,154534.970403374987654,2529.742210243312456,{928831A2-FE26-44B0-96D2-95A7748599AF}
696552,PN24184,14.039999999999999,14.010000000000000,Beneficiary: Other State Agency,"17",100.00% Dept. of Parks and Recreation,MPR,GISDATAOWNER,2023/12/13 22:07:46.000,GISDATAOWNER,2023/12/13 22:07:46.000,56813.793164745002287,1995.268894033750939,{5CC6AF14-51A7-405C-9C0D-E33AFE7DED90}
696559,PN25117,0.000000000000000,,Beneficiary: Other State Agency,"17",100.00% Dept. of Parks and Recreation,MPR,GISDATAOWNER,2023/12/13 22:07:46.000,GISDATAOWNER,2023/12/13 22:07:46.000,3.264990215000000,13.540004421405150,{33322600-7B9E-4F12-90B7-B15268926355}
696560,PN25138,4.380000000000000,,Beneficiary: Other State Agency,"17",100.00% Dept. of Parks and Recreation,MPR,GISDATAOWNER,2023/12/13 22:07:46.000,GISDATAOWNER,2023/12/13 22:07:46.000,17722.648791830000846,2000.626914776778676,{27C00E8A-4197-4047-A3AD-AB6110BFEF03}
696561,PN25152,0.000000000000000,,Beneficiary: Other State Agency,"17",100.00% Dept. of Parks and Recreation,MPR,GISDATAOWNER,2023/12/13 22:07:46.000,GISDATAOWNER,2023/12/13 22:07:46.000,1.385014760000000,11.544416308091265,{EF8AD5D0-9770-4DD9-A955-7B3DCEF4837E}
696562,PN25154,0.640000000000000,,Beneficiary: Other State Agency,"17",100.00% Dept. of Parks and Recreation,MPR,GISDATAOWNER,2023/12/13 22:07:46.000,GISDATAOWNER,2023/12/13 22:07:46.000,2601.285159690000000,414.834172373142508,{5E835A15-F33D-43C0-9595-07A9D5E6F2B9}
696616,PN22001,644.960000000000036,640.000000000000000,Beneficiary: IDL Endowment,"1","100.00% Public School (Indemnity, Schools, Common Schools)",PS,GISDATAOWNER,2023/12/13 22:07:46.000,GISDATAOWNER,2023/12/13 22:07:46.000,2610072.771798625122756,6462.347465138517691,{2EAC3E9C-99F3-4054-B52E-FD1133B61E75}
696620,PN22008,642.120000000000005,640.000000000000000,Beneficiary: IDL Endowment,"1","100.00% Public School (Indemnity, Schools, Common Schools)",PS,GISDATAOWNER,2023/12/13 22:07:46.000,GISDATAOWNER,2023/12/13 22:07:46.000,2598567.650022469926625,6448.037117303450032,{B134CD19-E4AF-47B8-8947-A2720EBE791E}
696621,PN22009,643.090000000000032,640.000000000000000,Beneficiary: IDL Endowment,"1","100.00% Public School (Indemnity, Schools, Common Schools)",PS,GISDATAOWNER,2023/12/13 22:07:46.000,GISDATAOWNER,2023/12/13 22:07:46.000,2602493.835380615200847,6453.937782705606878,{CFB1B866-B1D0-43C5-9E32-F3EB666BEB1A}
696622,PN22010,1.010000000000000,,Beneficiary: IDL Endowment,"1","100.00% Public School (Indemnity, Schools, Common Schools)",PS,GISDATAOWNER,2023/12/13 22:07:46.000,GISDATAOWNER,2023/12/13 22:07:46.000,4100.136985170000116,331.386265635065399,{97B9EE39-BA8F-4B09-8B7C-DA46B993FCAD}
696623,PN22011,7.120000000000000,,Beneficiary: IDL Endowment,"1","100.00% Public School (Indemnity, Schools, Common Schools)",PS,GISDATAOWNER,2023/12/13 22:07:46.000,GISDATAOWNER,2023/12/13 22:07:46.000,28805.168472279998241,1166.838020597900595,{F6BF3068-D4A4-4CC3-ADCF-F72516ECB877}
696624,PN22012,585.110000000000014,,Beneficiary: IDL Endowment,"1","100.00% Public School (Indemnity, Schools, Common Schools)",PS,GISDATAOWNER,2023/12/13 22:07:46.000,GISDATAOWNER,2023/12/13 22:07:46.000,2367845.491351544857025,7366.501762850875821,{74DD6530-08CD-4598-905B-B47CCAEB74FF}
696627,PN22018,789.210000000000036,794.779999999999973,Beneficiary: IDL Endowment,"1","100.00% Public School (Indemnity, Schools, Common Schools)",PS,GISDATAOWNER,2023/12/13 22:07:46.000,GISDATAOWNER,2023/12/13 22:07:46.000,3193844.841117095202208,11422.483256231163978,{E2E43008-A1F6-4638-A853-43B589926DC9}
696628,PN22019,645.080000000000041,640.360000000000014,Beneficiary: IDL Endowment,"1","100.00% Public School (Indemnity, Schools, Common Schools)",PS,GISDATAOWNER,2023/12/13 22:07:46.000,GISDATAOWNER,2023/12/13 22:07:46.000,2610563.800166449975222,6460.320374318945142,{BBD1BEFF-5437-4949-8851-01ABBC4354E5}
696630,PN22021,257.029999999999973,257.290000000000020,Beneficiary: IDL Endowment,"1","100.00% Public School (Indemnity, Schools, Common Schools)",PS,GISDATAOWNER,2023/12/13 22:07:46.000,GISDATAOWNER,2023/12/13 22:07:46.000,1040166.693098725052550,5016.118467172281271,{AE82A58D-2737-43C6-B821-8F25E75D256F}
696632,PN22024,630.080000000000041,640.000000000000000,Beneficiary: IDL Endowment,"1","100.00% Public School (Indemnity, Schools, Common Schools)",PS,GISDATAOWNER,2023/12/13 22:07:46.000,GISDATAOWNER,2023/12/13 22:07:46.000,2549859.776554774958640,6398.284045050102577,{D173E45F-0FE0-40C3-9BE8-09D6255F982B}
696633,PN22025,633.679999999999950,640.000000000000000,Beneficiary: IDL Endowment,"1","100.00% Public School (Indemnity, Schools, Common Schools)",PS,GISDATAOWNER,2023/12/13 22:07:46.000,GISDATAOWNER,2023/12/13 22:07:46.000,2564422.044383069965988,6409.165773034246740,{471027DA-8C7F-4DF4-95BF-5F91D68DE32D}
696634,PN22026,240.210000000000008,240.000000000000000,Beneficiary: IDL Endowment,"1","100.00% Public School (Indemnity, Schools, Common Schools)",PS,GISDATAOWNER,2023/12/13 22:07:46.000,GISDATAOWNER,2023/12/13 22:07:46.000,972097.615192249999382,4829.527033758535254,{E1D476BC-D4C5-41F3-8627-E4BAA1E74652}
697198,PN23528,568.090000000000032,528.990000000000009,Beneficiary: IDL Endowment,"9",100.00% Capitol Permanent (Public Building),CAP (PB),GISDATAOWNER,2023/12/13 22:07:46.000,GISDATAOWNER,2023/12/13 22:07:46.000,2299001.445070724934340,6159.102626907157173,{B7D4AD3F-98EB-4D44-B3BD-8FD7E2A8DCFE}
697223,PN23867,200.669999999999987,199.250000000000000,Beneficiary: Other State Agency,"15",100.00% Dept. of Fish and Game,MFG,GISDATAOWNER,2023/12/13 22:07:46.000,GISDATAOWNER,2023/12/13 22:07:46.000,812095.912352964980528,5789.869998602316628,{AD0EFAF7-A3EE-4E4F-A1B2-21A5906BCD48}
697242,PN24117,80.099999999999994,80.000000000000000,Beneficiary: Other State Agency,"17",100.00% Dept. of Parks and Recreation,MPR,GISDATAOWNER,2023/12/13 22:07:46.000,GISDATAOWNER,2023/12/13 22:07:46.000,324148.163702410005499,2413.613673747463054,{DEA4E6B2-795C-40BF-9AEB-6FF361687BB7}
697243,PN24173,338.759999999999991,337.899999999999977,Beneficiary: Other State Agency,"17",100.00% Dept. of Parks and Recreation,MPR,GISDATAOWNER,2023/12/13 22:07:46.000,GISDATAOWNER,2023/12/13 22:07:46.000,1370928.988915954949334,4921.617590992859732,{677A59FF-78B7-4D8B-963A-FEA355F4EBEB}
697261,PN25143,0.010000000000000,,Beneficiary: Other State Agency,"17",100.00% Dept. of Parks and Recreation,MPR,GISDATAOWNER,2023/12/13 22:07:46.000,GISDATAOWNER,2023/12/13 22:07:46.000,51.516549075000000,46.485796007443582,{41F07A03-9E8A-4A17-B64C-43AFFD0A59C7}
697262,PN25149,0.030000000000000,,Beneficiary: Other State Agency,"17",100.00% Dept. of Parks and Recreation,MPR,GISDATAOWNER,2023/12/13 22:07:46.000,GISDATAOWNER,2023/12/13 22:07:46.000,134.131113989999989,61.803791798964561,{112335C5-A6B7-4563-BA99-4B648B702A15}
697263,PN25162,0.000000000000000,,Beneficiary: Other State Agency,"17",100.00% Dept. of Parks and Recreation,MPR,GISDATAOWNER,2023/12/13 22:07:46.000,GISDATAOWNER,2023/12/13 22:07:46.000,19.678317105000001,35.119398317657541,{E35E0367-B093-4D5B-B18E-D2AEB277AD79}
697489,PN23551,19.289999999999999,20.969999999999999,Beneficiary: IDL Endowment,"10",100.00% General Fund,GF,GISDATAOWNER,2023/12/13 22:07:46.000,GISDATAOWNER,2023/12/13 22:07:46.000,78074.347618885003612,1163.093192068122789,{92CFAE3D-EE88-4019-BECD-49EF216BE41C}
697493,PN23558,2.070000000000000,,Beneficiary: IDL Endowment,"11",100.00% Forest Purposes (Dept. of Forestry),O,GISDATAOWNER,2023/12/13 22:07:46.000,GISDATAOWNER,2023/12/13 22:07:46.000,8378.267963189999136,366.131958810331639,{077A6C15-4C8E-40DE-B555-B1DEF5411698}
697672,PN23849,63.549999999999997,,Beneficiary: Other State Agency,"15",100.00% Dept. of Fish and Game,MFG,GISDATAOWNER,2023/12/13 22:07:46.000,GISDATAOWNER,2023/12/13 22:07:46.000,257169.113689540012274,2508.784553281195713,{8973FD5E-2D2C-414B-AB84-648F65F3F12F}
697673,PN23850,195.699999999999989,,Beneficiary: Other State Agency,"15",100.00% Dept. of Fish and Game,MFG,GISDATAOWNER,2023/12/13 22:07:46.000,GISDATAOWNER,2023/12/13 22:07:46.000,791980.533499925048091,5456.526920377837996,{A1571601-BBC4-4EAA-81B0-A464632CE640}
697674,PN23851,35.609999999999999,,Beneficiary: Other State Agency,"15",100.00% Dept. of Fish and Game,MFG,GISDATAOWNER,2023/12/13 22:07:46.000,GISDATAOWNER,2023/12/13 22:07:46.000,144110.386284484993666,1534.196755534985186,{9C1C7095-B751-4A31-9729-6A1694A34A1E}
697675,PN23853,104.000000000000000,105.359999999999999,Beneficiary: Other State Agency,"15",100.00% Dept. of Fish and Game,MFG,GISDATAOWNER,2023/12/13 22:07:46.000,GISDATAOWNER,2023/12/13 22:07:46.000,420870.856843999994453,3268.592774378636477,{E7E5801E-596A-4E28-92CA-04ECBDC9185C}
697676,PN23854,2.550000000000000,2.500000000000000,Beneficiary: Other State Agency,"15",100.00% Dept. of Fish and Game,MFG,GISDATAOWNER,2023/12/13 22:07:46.000,GISDATAOWNER,2023/12/13 22:07:46.000,10311.685355645000527,733.548896418073355,{08B95D94-E737-47FA-B1AA-BEEEE28E6BFA}
697684,PN23868,80.170000000000002,80.000000000000000,Beneficiary: Other State Agency,"15",100.00% Dept. of Fish and Game,MFG,GISDATAOWNER,2023/12/13 22:07:46.000,GISDATAOWNER,2023/12/13 22:07:46.000,324425.051484194991644,2416.226440043927141,{A65E1405-6F1E-432C-8A94-E569786600E2}
697725,PN23942,0.210000000000000,,Beneficiary: Other State Agency,"15",100.00% Dept. of Fish and Game,MFG,GISDATAOWNER,2023/12/13 22:07:46.000,GISDATAOWNER,2023/12/13 22:07:46.000,852.419392910000056,159.432386010059076,{F19C91DA-11E2-4392-BBED-37D80CDC6CC1}
697810,PN24109,126.579999999999998,,Beneficiary: Other State Agency,"17",100.00% Dept. of Parks and Recreation,MPR,GISDATAOWNER,2023/12/13 22:07:46.000,GISDATAOWNER,2023/12/13 22:07:46.000,512241.648996369971428,3347.707822305464106,{C38F47B3-4709-40DE-AF88-20EE1490AEB0}
697812,PN24116,70.310000000000002,,Beneficiary: Other State Agency,"17",100.00% Dept. of Parks and Recreation,MPR,GISDATAOWNER,2023/12/13 22:07:46.000,GISDATAOWNER,2023/12/13 22:07:46.000,284546.076205444987863,3795.989274137010398,{935D5901-F384-470D-B273-B450F12B1640}
697813,PN24119,315.029999999999973,,Beneficiary: Other State Agency,"17",100.00% Dept. of Parks and Recreation,MPR,GISDATAOWNER,2023/12/13 22:07:46.000,GISDATAOWNER,2023/12/13 22:07:46.000,1274873.046649035066366,6737.483510323725568,{3F9636F2-CB02-4FBE-95E4-15BA32EF6472}
697817,PN24123,123.549999999999997,,Beneficiary: Other State Agency,"17",100.00% Dept. of Parks and Recreation,MPR,GISDATAOWNER,2023/12/13 22:07:46.000,GISDATAOWNER,2023/12/13 22:07:46.000,499987.208620575023815,2821.529981032696924,{0D35D5F2-2A7D-4CF4-B493-A36D776C0F70}
697818,PN24124,209.189999999999998,,Beneficiary: Other State Agency,"17",100.00% Dept. of Parks and Recreation,MPR,GISDATAOWNER,2023/12/13 22:07:46.000,GISDATAOWNER,2023/12/13 22:07:46.000,846573.728304959950037,5436.366657160884643,{797E3937-3355-4AC0-BC35-CBAED12C3F37}
697819,PN24125,171.159999999999997,,Beneficiary: Other State Agency,"17",100.00% Dept. of Parks and Recreation,MPR,GISDATAOWNER,2023/12/13 22:07:46.000,GISDATAOWNER,2023/12/13 22:07:46.000,692658.858654574956745,3383.655469928120965,{12047306-BAB7-4691-B5EC-0937BC0ED9C6}
697820,PN24126,2.570000000000000,,Beneficiary: Other State Agency,"17",100.00% Dept. of Parks and Recreation,MPR,GISDATAOWNER,2023/12/13 22:07:46.000,GISDATAOWNER,2023/12/13 22:07:46.000,10413.308108920000450,1319.470547747377168,{06CE09C7-E4F7-4F39-B4FD-96431B60E3BA}
697821,PN24127,0.920000000000000,,Beneficiary: Other State Agency,"17",100.00% Dept. of Parks and Recreation,MPR,GISDATAOWNER,2023/12/13 22:07:46.000,GISDATAOWNER,2023/12/13 22:07:46.000,3734.777004219999526,748.252518850327192,{1F330D97-7FF8-4A69-B841-99E30EC74467}
697822,PN24128,40.320000000000000,40.000000000000000,Beneficiary: Other State Agency,"17",100.00% Dept. of Parks and Recreation,MPR,GISDATAOWNER,2023/12/13 22:07:46.000,GISDATAOWNER,2023/12/13 22:07:46.000,163151.760802284989040,1615.736373529868843,{477A0730-AEA4-434E-83BA-6BF13744BF78}
697824,PN24131,38.409999999999997,38.609999999999999,Beneficiary: Other State Agency,"17",100.00% Dept. of Parks and Recreation,MPR,GISDATAOWNER,2023/12/13 22:07:46.000,GISDATAOWNER,2023/12/13 22:07:46.000,155421.173914865008555,1578.561222797331993,{FA89DBC8-F47F-4BC4-B251-538BFDE76B42}
697827,PN24138,35.320000000000000,,Beneficiary: Other State Agency,"17",100.00% Dept. of Parks and Recreation,MPR,GISDATAOWNER,2023/12/13 22:07:46.000,GISDATAOWNER,2023/12/13 22:07:46.000,142938.875640790007310,1572.989217159399232,{B7050E08-0E1C-457E-A212-C19C73E68053}
697828,PN24139,112.209999999999994,,Beneficiary: Other State Agency,"17",100.00% Dept. of Parks and Recreation,MPR,GISDATAOWNER,2023/12/13 22:07:46.000,GISDATAOWNER,2023/12/13 22:07:46.000,454088.064299255027436,2628.643267704834216,{1A789210-8746-404E-8073-453BA52FB3AF}
697829,PN24140,119.799999999999997,,Beneficiary: Other State Agency,"17",100.00% Dept. of Parks and Recreation,MPR,GISDATAOWNER,2023/12/13 22:07:46.000,GISDATAOWNER,2023/12/13 22:07:46.000,484816.861373580002692,3801.126519020896467,{06D478F2-21EA-43FF-8AFB-F233DB174D74}
697833,PN24148,111.890000000000001,,Beneficiary: Other State Agency,"17",100.00% Dept. of Parks and Recreation,MPR,GISDATAOWNER,2023/12/13 22:07:46.000,GISDATAOWNER,2023/12/13 22:07:46.000,452791.660432360018604,3138.126398356474056,{D1B66DA0-353A-4129-9890-67AB88C5EC10}
697834,PN24149,38.899999999999999,,Beneficiary: Other State Agency,"17",100.00% Dept. of Parks and Recreation,MPR,GISDATAOWNER,2023/12/13 22:07:46.000,GISDATAOWNER,2023/12/13 22:07:46.000,157405.711480010009836,1710.813846229542150,{D47F1CEB-F2EC-41C9-92C1-6F1DD485B7D2}
697835,PN24150,40.140000000000001,40.000000000000000,Beneficiary: Other State Agency,"17",100.00% Dept. of Parks and Recreation,MPR,GISDATAOWNER,2023/12/13 22:07:46.000,GISDATAOWNER,2023/12/13 22:07:46.000,162443.644540220004274,1612.177417830401737,{9B857612-62A9-4641-8FA5-1418A0E33AE3}
697836,PN24151,57.329999999999998,,Beneficiary: Other State Agency,"17",100.00% Dept. of Parks and Recreation,MPR,GISDATAOWNER,2023/12/13 22:07:46.000,GISDATAOWNER,2023/12/13 22:07:46.000,232013.532941190002020,2046.360362232112493,{ACF86CD4-EEC0-46E1-8953-E648C9048734}
697837,PN24152,115.109999999999999,,Beneficiary: Other State Agency,"17",100.00% Dept. of Parks and Recreation,MPR,GISDATAOWNER,2023/12/13 22:07:46.000,GISDATAOWNER,2023/12/13 22:07:46.000,465828.596184574998915,3153.156570529727105,{800A0C37-BADF-40EC-80BA-C5245B4FA334}
697838,PN24153,122.780000000000001,,Beneficiary: Other State Agency,"17",100.00% Dept. of Parks and Recreation,MPR,GISDATAOWNER,2023/12/13 22:07:46.000,GISDATAOWNER,2023/12/13 22:07:46.000,496866.347341159998905,4446.535985267366414,{81F9D5D5-238C-41D8-BC18-7D1E0A3A3D3A}
697839,PN24154,154.550000000000011,,Beneficiary: Other State Agency,"17",100.00% Dept. of Parks and Recreation,MPR,GISDATAOWNER,2023/12/13 22:07:46.000,GISDATAOWNER,2023/12/13 22:07:46.000,625456.170043825055473,3571.295314125769437,{2EA252F1-AEC4-42A5-BBC2-876427EA51ED}
697840,PN24156,321.389999999999986,,Beneficiary: Other State Agency,"17",100.00% Dept. of Parks and Recreation,MPR,GISDATAOWNER,2023/12/13 22:07:46.000,GISDATAOWNER,2023/12/13 22:07:46.000,1300618.309791714884341,6218.993604214037077,{4CA13232-FA59-4A60-80F4-F4A55CD38FD5}
697841,PN24157,2.490000000000000,,Beneficiary: Other State Agency,"17",100.00% Dept. of Parks and Recreation,MPR,GISDATAOWNER,2023/12/13 22:07:46.000,GISDATAOWNER,2023/12/13 22:07:46.000,10080.094029474999843,876.470920928702867,{2B8B8FD0-C1EE-4465-BF5A-41F9049BE898}
697842,PN24158,40.180000000000000,,Beneficiary: Other State Agency,"17",100.00% Dept. of Parks and Recreation,MPR,GISDATAOWNER,2023/12/13 22:07:46.000,GISDATAOWNER,2023/12/13 22:07:46.000,162587.821410405013012,1612.916419839054242,{B49B386D-C737-4628-B560-5D737E1E2B82}
697843,PN24160,93.450000000000003,,Beneficiary: Other State Agency,"17",100.00% Dept. of Parks and Recreation,MPR,GISDATAOWNER,2023/12/13 22:07:46.000,GISDATAOWNER,2023/12/13 22:07:46.000,378179.473885239975061,3404.886741487786367,{917E5EC7-DC14-41E6-9108-000FE93D872B}
697844,PN24162,143.430000000000007,142.699999999999989,Beneficiary: Other State Agency,"17",100.00% Dept. of Parks and Recreation,MPR,GISDATAOWNER,2023/12/13 22:07:46.000,GISDATAOWNER,2023/12/13 22:07:46.000,580440.410228629945777,5033.561876074280917,{3F564CCF-CD48-422A-BE6B-5C7F19A3A375}
697845,PN24163,23.850000000000001,23.800000000000001,Beneficiary: Other State Agency,"17",100.00% Dept. of Parks and Recreation,MPR,GISDATAOWNER,2023/12/13 22:07:46.000,GISDATAOWNER,2023/12/13 22:07:46.000,96511.768014929999481,1335.399583957602999,{8AFAF1FF-D0D9-4999-9447-A7ABFA63CF44}
697846,PN24165,16.699999999999999,16.699999999999999,Beneficiary: Other State Agency,"17",100.00% Dept. of Parks and Recreation,MPR,GISDATAOWNER,2023/12/13 22:07:46.000,GISDATAOWNER,2023/12/13 22:07:46.000,67602.272900769996340,1329.341723035584664,{EF028BAC-C772-4650-9D5C-40F18D59748E}
697847,PN24166,67.750000000000000,68.299999999999997,Beneficiary: Other State Agency,"17",100.00% Dept. of Parks and Recreation,MPR,GISDATAOWNER,2023/12/13 22:07:46.000,GISDATAOWNER,2023/12/13 22:07:46.000,274162.178627405024599,2494.812244900348560,{EB001BA8-862D-4A12-AFEF-D07007648811}
697848,PN24167,20.920000000000002,20.829999999999998,Beneficiary: Other State Agency,"17",100.00% Dept. of Parks and Recreation,MPR,GISDATAOWNER,2023/12/13 22:07:46.000,GISDATAOWNER,2023/12/13 22:07:46.000,84668.158425100002205,1323.476672947894485,{8A5CC39B-D447-41E0-911F-1F13E8D6A82F}
697849,PN24168,140.409999999999997,140.699999999999989,Beneficiary: Other State Agency,"17",100.00% Dept. of Parks and Recreation,MPR,GISDATAOWNER,2023/12/13 22:07:46.000,GISDATAOWNER,2023/12/13 22:07:46.000,568215.001439179992303,3935.606351812560206,{40990128-614E-4D09-BD4D-471714C95F92}
697850,PN24169,1.140000000000000,1.140000000000000,Beneficiary: Other State Agency,"17",100.00% Dept. of Parks and Recreation,MPR,GISDATAOWNER,2023/12/13 22:07:46.000,GISDATAOWNER,2023/12/13 22:07:46.000,4611.158559984999556,582.427593825061990,{7C30E087-F4FE-42C3-8509-242BACA3B83F}
697851,PN24170,13.500000000000000,13.500000000000000,Beneficiary: Other State Agency,"17",100.00% Dept. of Parks and Recreation,MPR,GISDATAOWNER,2023/12/13 22:07:46.000,GISDATAOWNER,2023/12/13 22:07:46.000,54615.836076605002745,1409.972859372804805,{7A699238-B0F8-4605-94AA-AE9EE6BE0A10}
697852,PN24172,37.869999999999997,38.000000000000000,Beneficiary: Other State Agency,"17",100.00% Dept. of Parks and Recreation,MPR,GISDATAOWNER,2023/12/13 22:07:46.000,GISDATAOWNER,2023/12/13 22:07:46.000,153272.834173170005670,1796.027873969187567,{F0492521-CFB5-478E-B3C2-0ADD6C361034}
697853,PN24175,630.610000000000014,630.100000000000023,Beneficiary: Other State Agency,"17",100.00% Dept. of Parks and Recreation,MPR,GISDATAOWNER,2023/12/13 22:07:46.000,GISDATAOWNER,2023/12/13 22:07:46.000,2551981.629587799776345,6499.671617779161352,{A159B763-6D0E-4218-94F3-44923A7108DF}
697854,PN24176,585.019999999999982,583.600000000000023,Beneficiary: Other State Agency,"17",100.00% Dept. of Parks and Recreation,MPR,GISDATAOWNER,2023/12/13 22:07:46.000,GISDATAOWNER,2023/12/13 22:07:46.000,2367521.258191855158657,6461.307192174613192,{BA292ED9-458B-4341-8F6C-06A6C7FDB1FC}
697855,PN24177,578.259999999999991,574.399999999999977,Beneficiary: Other State Agency,"17",100.00% Dept. of Parks and Recreation,MPR,GISDATAOWNER,2023/12/13 22:07:46.000,GISDATAOWNER,2023/12/13 22:07:46.000,2340153.317065080162138,6020.315136600038386,{D149DF4F-CD76-40BE-A8C5-17FB96B31C0E}
697856,PN24179,637.110000000000014,638.039999999999964,Beneficiary: Other State Agency,"17",100.00% Dept. of Parks and Recreation,MPR,GISDATAOWNER,2023/12/13 22:07:46.000,GISDATAOWNER,2023/12/13 22:07:46.000,2578288.656048520002514,6425.003561280517715,{2B06700C-F1AD-4FDE-8E6F-73481F10F428}
697857,PN24180,638.220000000000027,640.000000000000000,Beneficiary: Other State Agency,"17",100.00% Dept. of Parks and Recreation,MPR,GISDATAOWNER,2023/12/13 22:07:46.000,GISDATAOWNER,2023/12/13 22:07:46.000,2582814.699458625167608,6428.371015898046608,{9A3C3DBA-504F-4BB0-AC26-8CC8C39FB7D2}
697858,PN24181,13.550000000000001,12.260000000000000,Beneficiary: Other State Agency,"17",100.00% Dept. of Parks and Recreation,MPR,GISDATAOWNER,2023/12/13 22:07:46.000,GISDATAOWNER,2023/12/13 22:07:46.000,54823.442336605003220,1203.818175324885487,{C857E4D5-0EEC-4A58-8122-4368074E2AFA}
697859,PN24186,30.059999999999999,30.000000000000000,Beneficiary: Other State Agency,"17",100.00% Dept. of Parks and Recreation,MPR,GISDATAOWNER,2023/12/13 22:07:46.000,GISDATAOWNER,2023/12/13 22:07:46.000,121649.914590675005456,1611.267250422362622,{8848AEAA-2493-4D1B-83EE-6198FD022FFE}
697860,PN24188,639.149999999999977,640.000000000000000,Beneficiary: Other State Agency,"17",100.00% Dept. of Parks and Recreation,MPR,GISDATAOWNER,2023/12/13 22:07:46.000,GISDATAOWNER,2023/12/13 22:07:46.000,2586562.484146299771965,6433.683514187172477,{84B2F397-A915-407C-85D4-2334B0D0B91E}
697903,PN25145,0.250000000000000,,Beneficiary: Other State Agency,"17",100.00% Dept. of Parks and Recreation,MPR,GISDATAOWNER,2023/12/13 22:07:46.000,GISDATAOWNER,2023/12/13 22:07:46.000,993.452690960000041,217.150493040787978,{EFDDF23C-7D22-4E50-96C1-3BC44104D117}
697996,PN25100,6.650000000000000,,Beneficiary: Other State Agency,"17",100.00% Dept. of Parks and Recreation,MPR,GISDATAOWNER,2023/12/13 22:07:46.000,GISDATAOWNER,2023/12/13 22:07:46.000,26907.066344129998470,3570.180227579437997,{CA21FFB1-26D3-4B8D-BD4D-5A73879C203D}
698003,PN25111,0.010000000000000,,Beneficiary: Other State Agency,"17",100.00% Dept. of Parks and Recreation,MPR,GISDATAOWNER,2023/12/13 22:07:46.000,GISDATAOWNER,2023/12/13 22:07:46.000,25.894261785000001,35.296444666254821,{4DF77448-CBD7-461F-98A5-E0F2A1627288}
698006,PN25115,0.050000000000000,,Beneficiary: Other State Agency,"17",100.00% Dept. of Parks and Recreation,MPR,GISDATAOWNER,2023/12/13 22:07:46.000,GISDATAOWNER,2023/12/13 22:07:46.000,186.518771464999986,82.392034268572473,{E899D756-6A4D-4F07-8939-4BA5EC8C7C19}
698007,PN25116,0.280000000000000,,Beneficiary: Other State Agency,"17",100.00% Dept. of Parks and Recreation,MPR,GISDATAOWNER,2023/12/13 22:07:46.000,GISDATAOWNER,2023/12/13 22:07:46.000,1150.282068149999986,233.395769803063558,{384C1AA1-C448-4090-8BA0-21E97DF0E1A6}
698008,PN25118,1.020000000000000,,Beneficiary: Other State Agency,"17",100.00% Dept. of Parks and Recreation,MPR,GISDATAOWNER,2023/12/13 22:07:46.000,GISDATAOWNER,2023/12/13 22:07:46.000,4123.625097099999948,521.587820504059550,{6B572335-30A5-4764-A9BC-5D406A18124C}
698010,PN25121,0.460000000000000,,Beneficiary: Other State Agency,"17",100.00% Dept. of Parks and Recreation,MPR,GISDATAOWNER,2023/12/13 22:07:46.000,GISDATAOWNER,2023/12/13 22:07:46.000,1868.900661814999921,545.460157494541590,{1D27DFC8-CB20-4275-AD34-43A8D6B8C332}
698011,PN25122,1.390000000000000,,Beneficiary: Other State Agency,"17",100.00% Dept. of Parks and Recreation,MPR,GISDATAOWNER,2023/12/13 22:07:46.000,GISDATAOWNER,2023/12/13 22:07:46.000,5626.922532255000988,643.249997069135020,{B2FADA6A-721F-4E6B-AF40-688B92A28013}
698012,PN25123,3.680000000000000,,Beneficiary: Other State Agency,"17",100.00% Dept. of Parks and Recreation,MPR,GISDATAOWNER,2023/12/13 22:07:46.000,GISDATAOWNER,2023/12/13 22:07:46.000,14896.214667054999154,900.068541056585445,{4792BA7A-4E28-4AE9-98A4-C2C37601F9AD}
698013,PN25124,0.380000000000000,,Beneficiary: Other State Agency,"17",100.00% Dept. of Parks and Recreation,MPR,GISDATAOWNER,2023/12/13 22:07:46.000,GISDATAOWNER,2023/12/13 22:07:46.000,1539.844125565000013,302.296084688596068,{2443110E-C791-48C4-8E93-0EC0E2EBB3B4}
698014,PN25126,1.220000000000000,,Beneficiary: Other State Agency,"17",100.00% Dept. of Parks and Recreation,MPR,GISDATAOWNER,2023/12/13 22:07:46.000,GISDATAOWNER,2023/12/13 22:07:46.000,4955.023638765001124,618.274710119102679,{9878851C-1377-46CC-9513-956C6A61511A}
698015,PN25127,1.770000000000000,,Beneficiary: Other State Agency,"17",100.00% Dept. of Parks and Recreation,MPR,GISDATAOWNER,2023/12/13 22:07:46.000,GISDATAOWNER,2023/12/13 22:07:46.000,7174.411167889999888,533.081072458360495,{72158C3D-34BD-4017-91DD-C3E209F65C64}
698016,PN25128,0.020000000000000,,Beneficiary: Other State Agency,"17",100.00% Dept. of Parks and Recreation,MPR,GISDATAOWNER,2023/12/13 22:07:46.000,GISDATAOWNER,2023/12/13 22:07:46.000,76.090332224999997,56.847144964674513,{F018E422-753E-4FB5-B413-699031248A29}
698017,PN25129,1.410000000000000,,Beneficiary: Other State Agency,"17",100.00% Dept. of Parks and Recreation,MPR,GISDATAOWNER,2023/12/13 22:07:46.000,GISDATAOWNER,2023/12/13 22:07:46.000,5694.685237095000048,517.893668541012744,{AD566904-A96D-4A83-8F5F-AB576277B0B5}
698018,PN25134,10.320000000000000,,Beneficiary: Other State Agency,"17",100.00% Dept. of Parks and Recreation,MPR,GISDATAOWNER,2023/12/13 22:07:46.000,GISDATAOWNER,2023/12/13 22:07:46.000,41761.421939170002588,3400.008519311223154,{E4EB786F-3935-49F3-9E24-AC7091C8E54A}
698019,PN25136,1.020000000000000,,Beneficiary: Other State Agency,"17",100.00% Dept. of Parks and Recreation,MPR,GISDATAOWNER,2023/12/13 22:07:46.000,GISDATAOWNER,2023/12/13 22:07:46.000,4127.137420439999914,697.214332867725602,{318B14BE-B2BC-4233-8FBE-B3237A565A0F}
698022,PN25140,2.790000000000000,,Beneficiary: Other State Agency,"17",100.00% Dept. of Parks and Recreation,MPR,GISDATAOWNER,2023/12/13 22:07:46.000,GISDATAOWNER,2023/12/13 22:07:46.000,11272.720200969999496,977.926065493904389,{B62D1834-1445-480C-86E6-649114CA3F0B}
698023,PN25142,0.740000000000000,,Beneficiary: Other State Agency,"17",100.00% Dept. of Parks and Recreation,MPR,GISDATAOWNER,2023/12/13 22:07:46.000,GISDATAOWNER,2023/12/13 22:07:46.000,2991.117034275000151,259.050215955817066,{B68BF374-5903-4002-B1BF-D2A87B7289FD}
698024,PN25144,9.390000000000001,,Beneficiary: Other State Agency,"17",100.00% Dept. of Parks and Recreation,MPR,GISDATAOWNER,2023/12/13 22:07:46.000,GISDATAOWNER,2023/12/13 22:07:46.000,38007.192703280008573,1972.385125900378398,{BC595502-9958-4598-A8FB-CCC56F5B060A}
698025,PN25146,25.239999999999998,,Beneficiary: Other State Agency,"17",100.00% Dept. of Parks and Recreation,MPR,GISDATAOWNER,2023/12/13 22:07:46.000,GISDATAOWNER,2023/12/13 22:07:46.000,102144.593411920010112,1916.630476273777049,{F0F0F7F2-8F5B-46D3-958D-BDA6F6C6DA1D}
698027,PN25151,1.150000000000000,,Beneficiary: Other State Agency,"17",100.00% Dept. of Parks and Recreation,MPR,GISDATAOWNER,2023/12/13 22:07:46.000,GISDATAOWNER,2023/12/13 22:07:46.000,4641.268394069999886,405.591345316050024,{16F935FB-D548-4808-8F59-C3A7FC9821DD}
698029,PN25156,0.000000000000000,,Beneficiary: Other State Agency,"17",100.00% Dept. of Parks and Recreation,MPR,GISDATAOWNER,2023/12/13 22:07:46.000,GISDATAOWNER,2023/12/13 22:07:46.000,3.723545425000000,14.616552117067576,{67B4BDDD-D029-4862-8E5B-653A9C09B278}
698030,PN25157,0.430000000000000,,Beneficiary: Other State Agency,"17",100.00% Dept. of Parks and Recreation,MPR,GISDATAOWNER,2023/12/13 22:07:46.000,GISDATAOWNER,2023/12/13 22:07:46.000,1730.813035249999984,262.843469361363589,{880855DD-2B70-4C5E-B5F2-8FE823DE3EC8}
698031,PN25158,0.570000000000000,,Beneficiary: Other State Agency,"17",100.00% Dept. of Parks and Recreation,MPR,GISDATAOWNER,2023/12/13 22:07:46.000,GISDATAOWNER,2023/12/13 22:07:46.000,2291.618215564999900,644.235318422454156,{0766DD1E-5FCB-4226-B2AB-9859C0025E44}
698032,PN25160,0.020000000000000,,Beneficiary: Other State Agency,"17",100.00% Dept. of Parks and Recreation,MPR,GISDATAOWNER,2023/12/13 22:07:46.000,GISDATAOWNER,2023/12/13 22:07:46.000,85.489070394999999,70.022576023185024,{93478D80-7A1C-4372-B627-B61AED4ACAD5}
698033,PN25161,0.110000000000000,,Beneficiary: Other State Agency,"17",100.00% Dept. of Parks and Recreation,MPR,GISDATAOWNER,2023/12/13 22:07:46.000,GISDATAOWNER,2023/12/13 22:07:46.000,439.587282645000016,103.363279446230081,{051158A2-DC6E-4825-AC97-F7A8FB04B301}
698050,PN25274,195.659999999999997,,Beneficiary: IDL Endowment,"1","100.00% Public School (Indemnity, Schools, Common Schools)",PS,GISDATAOWNER,2023/12/13 22:07:46.000,GISDATAOWNER,2023/12/13 22:07:46.000,791818.489781524986029,5243.205561741729070,{45B25A0A-64E1-4F6A-AAB9-C63D18E27489}
698065,PN25268,200.389999999999986,200.000000000000000,Beneficiary: IDL Endowment,"1","100.00% Public School (Indemnity, Schools, Common Schools)",PS,GISDATAOWNER,2023/12/13 22:07:46.000,GISDATAOWNER,2023/12/13 22:07:46.000,810956.499473060015589,4828.322068437919370,{7193084C-D48D-4BAF-B726-6939409B6C21}
698086,PN25361,1.810000000000000,1.687000000000000,Beneficiary: Other State Agency,"18",100.00% Dept. of Transportation,MT,GISDATAOWNER,2023/12/13 22:07:46.000,GISDATAOWNER,2023/12/13 22:07:46.000,7328.087660180000057,407.729373812234428,{467D2271-3F24-4A06-A412-FD4ED60C27BC}
698115,PN25313,248.680000000000007,,Beneficiary: IDL Endowment,"4",100.00% Normal School,NS,GISDATAOWNER,2023/12/13 22:07:46.000,GISDATAOWNER,2023/12/13 22:07:46.000,1006392.942009320133366,4757.652777059101936,{94291E1C-1AE9-4247-B3A2-DA4CA1D169A7}
698116,PN25315,20.670000000000002,,Beneficiary: IDL Endowment,"4",100.00% Normal School,NS,GISDATAOWNER,2023/12/13 22:07:46.000,GISDATAOWNER,2023/12/13 22:07:46.000,83649.426304174994584,1165.032543403701993,{B1020146-0F66-4897-9C56-F699FAB9E96B}
698166,PN25269,120.629999999999995,120.000000000000000,Beneficiary: IDL Endowment,"1","100.00% Public School (Indemnity, Schools, Common Schools)",PS,GISDATAOWNER,2023/12/13 22:07:46.000,GISDATAOWNER,2023/12/13 22:07:46.000,488168.493918414984364,3227.119822632586420,{527F4F17-E97F-4139-93D4-FC9A81784792}
698167,PN25272,240.539999999999992,240.000000000000000,Beneficiary: IDL Endowment,"1","100.00% Public School (Indemnity, Schools, Common Schools)",PS,GISDATAOWNER,2023/12/13 22:07:46.000,GISDATAOWNER,2023/12/13 22:07:46.000,973453.487373925046995,4029.821217502676063,{13000DC6-0652-45F2-AB7E-9CC8A0A3757C}
698168,PN25280,80.310000000000002,80.000000000000000,Beneficiary: IDL Endowment,"1","100.00% Public School (Indemnity, Schools, Common Schools)",PS,GISDATAOWNER,2023/12/13 22:07:46.000,GISDATAOWNER,2023/12/13 22:07:46.000,325000.935804210079368,2416.718405054513369,{8E549225-A57E-4734-92BA-6B7FAC1DE13B}
698174,PN25275,321.089999999999975,320.000000000000000,Beneficiary: IDL Endowment,"1","100.00% Public School (Indemnity, Schools, Common Schools)",PS,GISDATAOWNER,2023/12/13 22:07:46.000,GISDATAOWNER,2023/12/13 22:07:46.000,1299402.537218210054561,4841.702147171353317,{FF7C6DCB-026F-4811-BC07-7CEE3AB087DE}
698176,PN25271,80.200000000000003,80.000000000000000,Beneficiary: IDL Endowment,"1","100.00% Public School (Indemnity, Schools, Common Schools)",PS,GISDATAOWNER,2023/12/13 22:07:46.000,GISDATAOWNER,2023/12/13 22:07:46.000,324576.783283465018030,2416.189015046142686,{4F5D049A-1AD2-43D9-91AD-4CE6D9E41290}
698177,PN25273,40.090000000000003,40.000000000000000,Beneficiary: IDL Endowment,"1","100.00% Public School (Indemnity, Schools, Common Schools)",PS,GISDATAOWNER,2023/12/13 22:07:46.000,GISDATAOWNER,2023/12/13 22:07:46.000,162227.232940240006428,1611.102736824640715,{3DB6AB8E-897F-48EC-98F8-57BA4E02F378}
698178,PN25276,40.149999999999999,40.000000000000000,Beneficiary: IDL Endowment,"1","100.00% Public School (Indemnity, Schools, Common Schools)",PS,GISDATAOWNER,2023/12/13 22:07:46.000,GISDATAOWNER,2023/12/13 22:07:46.000,162499.636124534998089,1612.458389942391477,{27645E55-12CC-46DB-B060-559AF12AAFD6}
698209,PN25314,0.080000000000000,,Beneficiary: IDL Endowment,"4",100.00% Normal School,NS,GISDATAOWNER,2023/12/13 22:07:46.000,GISDATAOWNER,2023/12/13 22:07:46.000,326.064590940000016,96.956895467368170,{2DFBC527-8A5F-450A-BDAA-F5403541CBA3}
698210,PN25312,361.009999999999991,,Beneficiary: IDL Endowment,"4",100.00% Normal School,NS,GISDATAOWNER,2023/12/13 22:07:46.000,GISDATAOWNER,2023/12/13 22:07:46.000,1460960.457161684986204,6412.106245066353949,{654B569D-546D-411C-B00D-86B060B1A05A}
698324,PN25893,80.219999999999999,,Beneficiary: IDL Endowment,"1","100.00% Public School (Indemnity, Schools, Common Schools)",PS,GISDATAOWNER,2023/12/13 22:07:46.000,GISDATAOWNER,2023/12/13 22:07:46.000,324629.420012040005531,2418.654421113581066,{B365CA08-B4B2-4A06-B990-AA0307B2055E}
698325,PN25899,40.439999999999998,,Beneficiary: IDL Endowment,"4",100.00% Normal School,NS,GISDATAOWNER,2023/12/13 22:07:46.000,GISDATAOWNER,2023/12/13 22:07:46.000,163646.348597200005315,1618.134400648485780,{B1623AD0-FE81-478B-82A6-7647B718AA15}
698327,PN25894,241.830000000000013,,Beneficiary: IDL Endowment,"1","100.00% Public School (Indemnity, Schools, Common Schools)",PS,GISDATAOWNER,2023/12/13 22:07:46.000,GISDATAOWNER,2023/12/13 22:07:46.000,978654.938297834945843,4034.762464492807339,{F80AC189-62B8-4790-9AE3-F84AB7DF25B4}
698335,PN25897,600.049999999999955,,Beneficiary: IDL Endowment,"1","100.00% Public School (Indemnity, Schools, Common Schools)",PS,GISDATAOWNER,2023/12/13 22:07:46.000,GISDATAOWNER,2023/12/13 22:07:46.000,2428317.530724974814802,6439.943408332034778,{EF14DA0C-C17B-4CCE-86DC-61AA58E7D332}
698336,PN25898,159.259999999999991,,Beneficiary: IDL Endowment,"1","100.00% Public School (Indemnity, Schools, Common Schools)",PS,GISDATAOWNER,2023/12/13 22:07:46.000,GISDATAOWNER,2023/12/13 22:07:46.000,644515.042106535052881,3211.334948184955920,{9C8F4AD1-EC0A-4638-8CDB-FEDEB02A728B}
698337,PN25896,120.200000000000003,,Beneficiary: IDL Endowment,"1","100.00% Public School (Indemnity, Schools, Common Schools)",PS,GISDATAOWNER,2023/12/13 22:07:46.000,GISDATAOWNER,2023/12/13 22:07:46.000,486441.257849815068766,3222.586544352771398,{523CFFE0-7404-441F-9B8F-87E9140466E3}
698338,PN25895,238.669999999999987,,Beneficiary: IDL Endowment,"1","100.00% Public School (Indemnity, Schools, Common Schools)",PS,GISDATAOWNER,2023/12/13 22:07:46.000,GISDATAOWNER,2023/12/13 22:07:46.000,965853.463806660030968,4813.343310493389254,{986B87CF-BDAD-42A9-98CD-7D02653B8530}
698339,PN25895,40.530000000000001,,Beneficiary: IDL Endowment,"1","100.00% Public School (Indemnity, Schools, Common Schools)",PS,GISDATAOWNER,2023/12/13 22:07:46.000,GISDATAOWNER,2023/12/13 22:07:46.000,164011.732100769993849,1619.971811062282313,{3E48FB8C-EB23-44FC-B5B2-3222EF9BD3CB}
688926,PN12051,0.040000000000000,,Beneficiary: IDL Endowment,"7",100.00% State Hospital South (Insane Asylum),HS,GISDATAOWNER,2023/12/13 22:07:46.000,GISDATAOWNER,2023/12/13 22:07:46.000,159.169672494999986,67.860270268136716,{42699FF5-EA20-4916-A66F-823CD4687681}
691175,PN12049,27.210000000000001,,Beneficiary: IDL Endowment,"7",100.00% State Hospital South (Insane Asylum),HS,GISDATAOWNER,2023/12/13 22:07:46.000,GISDATAOWNER,2023/12/13 22:07:46.000,110123.659615960001247,1706.869045827656691,{ED203ED7-007B-4CBC-9857-2CF17BBC5916}
691481,PN11989,565.799999999999955,562.399999999999977,Beneficiary: IDL Endowment,"1","100.00% Public School (Indemnity, Schools, Common Schools)",PS,GISDATAOWNER,2023/12/13 22:07:46.000,GISDATAOWNER,2023/12/13 22:07:46.000,2289711.121224984992296,6066.460519812791972,{6DA30BBE-AB74-45F3-BCB5-0ED9BE8B1484}
691482,PN11990,486.000000000000000,483.480000000000018,Beneficiary: IDL Endowment,"1","100.00% Public School (Indemnity, Schools, Common Schools)",PS,GISDATAOWNER,2023/12/13 22:07:46.000,GISDATAOWNER,2023/12/13 22:07:46.000,1966764.954167010029778,6872.745679992421174,{AE56A212-3148-4DEA-BB1C-6B72B2F227D8}
691513,PN12050,0.260000000000000,,Beneficiary: IDL Endowment,"7",100.00% State Hospital South (Insane Asylum),HS,GISDATAOWNER,2023/12/13 22:07:46.000,GISDATAOWNER,2023/12/13 22:07:46.000,1033.196495785000025,163.300282520785515,{B2FF8F17-C87E-4EC0-9A46-A1D16971606E}
691514,PN12052,0.240000000000000,,Beneficiary: IDL Endowment,"7",100.00% State Hospital South (Insane Asylum),HS,GISDATAOWNER,2023/12/13 22:07:46.000,GISDATAOWNER,2023/12/13 22:07:46.000,977.759335885000041,157.705791539798270,{9BD5649F-0239-4901-A3EA-B72FF15ADA8C}
691516,PN12055,0.160000000000000,,Beneficiary: IDL Endowment,"7",100.00% State Hospital South (Insane Asylum),HS,GISDATAOWNER,2023/12/13 22:07:46.000,GISDATAOWNER,2023/12/13 22:07:46.000,653.986360630000036,174.016251570866217,{49319407-70B1-4321-B03F-20BF6BD7B39F}
691517,PN12056,0.010000000000000,,Beneficiary: IDL Endowment,"7",100.00% State Hospital South (Insane Asylum),HS,GISDATAOWNER,2023/12/13 22:07:46.000,GISDATAOWNER,2023/12/13 22:07:46.000,23.109891744999999,23.165550147238402,{125C4802-1124-4841-8F81-6DA76584EA03}
692009,PN14018,129.780000000000001,131.039999999999992,Beneficiary: IDL Endowment,"1","100.00% Public School (Indemnity, Schools, Common Schools)",PS,GISDATAOWNER,2023/12/13 22:07:46.000,GISDATAOWNER,2023/12/13 22:07:46.000,525184.984516620053910,3863.301409627970770,{9B034BA3-08F7-44ED-A497-B8C3FB6A6198}
698200,PN25304,268.680000000000007,,Beneficiary: IDL Endowment,"1","100.00% Public School (Indemnity, Schools, Common Schools)",PS,GISDATAOWNER,2023/12/13 22:07:46.000,GISDATAOWNER,2023/12/13 22:07:46.000,1087320.661606384906918,5243.526317524821934,{B3CD7DD7-7477-4BE2-A68C-CB33BEB8AFD6}
694417,PN21378,116.459999999999994,115.989999999999995,Beneficiary: IDL Endowment,"1","100.00% Public School (Indemnity, Schools, Common Schools)",PS,GISDATAOWNER,2023/12/13 22:07:46.000,GISDATAOWNER,2023/12/13 22:07:46.000,471288.137650270073209,3213.303270350402727,{FE3D1C38-B656-44A6-ADFE-77EF50AE74CF}
694418,PN21382,523.080000000000041,520.000000000000000,Beneficiary: IDL Endowment,"1","100.00% Public School (Indemnity, Schools, Common Schools)",PS,GISDATAOWNER,2023/12/13 22:07:46.000,GISDATAOWNER,2023/12/13 22:07:46.000,2116833.525786145124584,6457.198177928279620,{548142DF-8AD1-44EC-B5FA-532CA62D9928}
694421,PN21400,475.680000000000007,480.000000000000000,Beneficiary: IDL Endowment,"1","100.00% Public School (Indemnity, Schools, Common Schools)",PS,GISDATAOWNER,2023/12/13 22:07:46.000,GISDATAOWNER,2023/12/13 22:07:46.000,1925005.089894999982789,6404.716313583803640,{DC1B0A40-FD55-4B43-8174-20CEA81BCA2C}
694607,PN23705,0.690000000000000,0.720000000000000,Beneficiary: Other State Agency,"15",100.00% Dept. of Fish and Game,MFG,GISDATAOWNER,2023/12/13 22:07:46.000,GISDATAOWNER,2023/12/13 22:07:46.000,2798.465808644999470,244.001087935634104,{176D9C4F-6B33-474B-9CDE-4B1D70755316}
694612,PN23830,37.810000000000002,37.729999999999997,Beneficiary: Other State Agency,"15",100.00% Dept. of Fish and Game,MFG,GISDATAOWNER,2023/12/13 22:07:46.000,GISDATAOWNER,2023/12/13 22:07:46.000,153010.228589384991210,2256.958770074526001,{A5EBF72E-745F-46D9-B7E1-119F3B86EDBF}
694634,PN24106,0.060000000000000,0.060000000000000,Beneficiary: Other State Agency,"17",100.00% Dept. of Parks and Recreation,MPR,GISDATAOWNER,2023/12/13 22:07:46.000,GISDATAOWNER,2023/12/13 22:07:46.000,232.128588869999987,60.943169353130529,{144B6FBE-D5D4-4C90-BA47-9AF86308EAE5}
694970,PN21335,2.960000000000000,2.020000000000000,Beneficiary: IDL Endowment,"1","100.00% Public School (Indemnity, Schools, Common Schools)",PS,GISDATAOWNER,2023/12/13 22:07:46.000,GISDATAOWNER,2023/12/13 22:07:46.000,11981.167063765000421,928.975972568934026,{EBE5105A-B72F-42D2-804F-42661EFF9084}
694974,PN21352,80.670000000000002,80.000000000000000,Beneficiary: IDL Endowment,"1","100.00% Public School (Indemnity, Schools, Common Schools)",PS,GISDATAOWNER,2023/12/13 22:07:46.000,GISDATAOWNER,2023/12/13 22:07:46.000,326467.211978615028784,2424.499542312748872,{192B52A1-B4CD-422B-9A0E-42BAC2D579D4}
694975,PN21353,40.219999999999999,40.000000000000000,Beneficiary: IDL Endowment,"1","100.00% Public School (Indemnity, Schools, Common Schools)",PS,GISDATAOWNER,2023/12/13 22:07:46.000,GISDATAOWNER,2023/12/13 22:07:46.000,162753.649555320007494,1613.784194158943592,{E09F36BE-3712-471D-8B95-1F7DD1C304BF}
694981,PN21428,160.830000000000013,160.000000000000000,Beneficiary: IDL Endowment,"1","100.00% Public School (Indemnity, Schools, Common Schools)",PS,GISDATAOWNER,2023/12/13 22:07:46.000,GISDATAOWNER,2023/12/13 22:07:46.000,650846.046681464998983,4043.423527541060139,{9154B991-07D1-49BB-A1E9-74F0DAC32DD9}
694982,PN21455,5.780000000000000,,Beneficiary: IDL Endowment,"1","100.00% Public School (Indemnity, Schools, Common Schools)",PS,GISDATAOWNER,2023/12/13 22:07:46.000,GISDATAOWNER,2023/12/13 22:07:46.000,23406.526160509998590,1614.854034084147997,{CEF7FF8D-1D2D-4727-933F-5D35316831CF}
695199,PN23822,8.570000000000000,,Beneficiary: Other State Agency,"15",100.00% Dept. of Fish and Game,MFG,GISDATAOWNER,2023/12/13 22:07:46.000,GISDATAOWNER,2023/12/13 22:07:46.000,34687.000680235003529,867.655780280422391,{64BE43E0-65C7-4327-8041-E70AC65EAC82}
695200,PN23832,1.440000000000000,1.650000000000000,Beneficiary: Other State Agency,"15",100.00% Dept. of Fish and Game,MFG,GISDATAOWNER,2023/12/13 22:07:46.000,GISDATAOWNER,2023/12/13 22:07:46.000,5839.647927660000278,628.588832695846349,{2E2AFCAB-5D2F-467D-8755-E531BE10C471}
695358,PN21377,485.250000000000000,480.000000000000000,Beneficiary: IDL Endowment,"1","100.00% Public School (Indemnity, Schools, Common Schools)",PS,GISDATAOWNER,2023/12/13 22:07:46.000,GISDATAOWNER,2023/12/13 22:07:46.000,1963745.413122615078464,5648.422392262967151,{468F8AD6-26C4-47C6-943B-8961E43BDDDD}
695359,PN21383,80.569999999999993,80.000000000000000,Beneficiary: IDL Endowment,"1","100.00% Public School (Indemnity, Schools, Common Schools)",PS,GISDATAOWNER,2023/12/13 22:07:46.000,GISDATAOWNER,2023/12/13 22:07:46.000,326045.719968810037244,2424.350157172968466,{D7664C9C-4705-4CA9-B8AF-69976EF9F9D4}
695360,PN21384,41.579999999999998,39.990000000000002,Beneficiary: IDL Endowment,"1","100.00% Public School (Indemnity, Schools, Common Schools)",PS,GISDATAOWNER,2023/12/13 22:07:46.000,GISDATAOWNER,2023/12/13 22:07:46.000,168258.254766000027303,1638.770837073451276,{FDC27391-A06D-427F-8318-2B3F1B32692D}
695364,PN21418,415.560000000000002,411.000000000000000,Beneficiary: IDL Endowment,"1","100.00% Public School (Indemnity, Schools, Common Schools)",PS,GISDATAOWNER,2023/12/13 22:07:46.000,GISDATAOWNER,2023/12/13 22:07:46.000,1681715.340353870065883,5571.609862018381136,{D9EA433B-1378-40FC-8749-1E7EF2CF032A}
695370,PN21454,0.120000000000000,,Beneficiary: IDL Endowment,"1","100.00% Public School (Indemnity, Schools, Common Schools)",PS,GISDATAOWNER,2023/12/13 22:07:46.000,GISDATAOWNER,2023/12/13 22:07:46.000,465.689409759999990,164.606536161934997,{FDCCB7ED-DC4E-4450-891C-1BBB259B67C5}
695372,PN21474,4.070000000000001,4.730000000000000,Beneficiary: IDL Endowment,"1","100.00% Public School (Indemnity, Schools, Common Schools)",PS,GISDATAOWNER,2023/12/13 22:07:46.000,GISDATAOWNER,2023/12/13 22:07:46.000,16477.978179955000087,1203.684442325019290,{587AAD68-A1B7-470B-BB09-0B97D69C602C}
695543,PN23396,120.170000000000002,120.000000000000000,Beneficiary: IDL Endowment,"8",100.00% University of Idaho,U,GISDATAOWNER,2023/12/13 22:07:46.000,GISDATAOWNER,2023/12/13 22:07:46.000,486296.144415625080001,3220.213240689085069,{C1C5A7E5-6C6F-4460-97CC-F6169D864EBE}
695551,PN23543,40.240000000000002,40.000000000000000,Beneficiary: IDL Endowment,"10",100.00% General Fund,GF,GISDATAOWNER,2023/12/13 22:07:46.000,GISDATAOWNER,2023/12/13 22:07:46.000,162855.761242720007431,1614.226004249136167,{E5AC2D56-9C36-401B-988F-35A91EB14530}
695569,PN23819,2.820000000000000,4.680000000000000,Beneficiary: Other State Agency,"15",100.00% Dept. of Fish and Game,MFG,GISDATAOWNER,2023/12/13 22:07:46.000,GISDATAOWNER,2023/12/13 22:07:46.000,11400.179467294999995,684.451274704158095,{ACC5930E-7934-4DCE-B447-1AA6EFD67812}
695669,PN21334,80.019999999999996,80.000000000000000,Beneficiary: IDL Endowment,"1","100.00% Public School (Indemnity, Schools, Common Schools)",PS,GISDATAOWNER,2023/12/13 22:07:46.000,GISDATAOWNER,2023/12/13 22:07:46.000,323836.739302509988192,2408.513245186218683,{FED1C354-E6D7-4AC1-AE54-4329613E0755}
695674,PN21416,40.119999999999997,40.000000000000000,Beneficiary: IDL Endowment,"1","100.00% Public School (Indemnity, Schools, Common Schools)",PS,GISDATAOWNER,2023/12/13 22:07:46.000,GISDATAOWNER,2023/12/13 22:07:46.000,162369.236297130002640,1611.810133942404946,{298CE23E-7C04-40A2-947B-F12AEC3DBA00}
695869,PN23555,0.510000000000000,0.504000000000000,Beneficiary: IDL Endowment,"11",100.00% Forest Purposes (Dept. of Forestry),O,GISDATAOWNER,2023/12/13 22:07:46.000,GISDATAOWNER,2023/12/13 22:07:46.000,2053.721347950000109,186.753909754653080,{7C6F4A64-EF8D-4717-9710-2E716246BBF0}
695887,PN23827,3.510000000000000,,Beneficiary: Other State Agency,"15",100.00% Dept. of Fish and Game,MFG,GISDATAOWNER,2023/12/13 22:07:46.000,GISDATAOWNER,2023/12/13 22:07:46.000,14203.153147050001280,539.848818062953796,{163CE63A-0448-4407-B69E-FCDF8873F14A}
696019,PN21379,54.969999999999999,54.649999999999999,Beneficiary: IDL Endowment,"1","100.00% Public School (Indemnity, Schools, Common Schools)",PS,GISDATAOWNER,2023/12/13 22:07:46.000,GISDATAOWNER,2023/12/13 22:07:46.000,222467.295363680023002,1978.652323176472464,{7F5962C1-02C3-4AC0-A2D7-96320E54DC84}
696020,PN21380,40.289999999999999,40.000000000000000,Beneficiary: IDL Endowment,"1","100.00% Public School (Indemnity, Schools, Common Schools)",PS,GISDATAOWNER,2023/12/13 22:07:46.000,GISDATAOWNER,2023/12/13 22:07:46.000,163054.519579390005674,1615.205734952980947,{040058CC-FBFE-44AB-A297-6759264879E1}
696021,PN21381,80.439999999999998,80.000000000000000,Beneficiary: IDL Endowment,"1","100.00% Public School (Indemnity, Schools, Common Schools)",PS,GISDATAOWNER,2023/12/13 22:07:46.000,GISDATAOWNER,2023/12/13 22:07:46.000,325529.588705679983832,2417.870904159753536,{F5569D34-154C-4753-9557-6C560A5D3399}
696023,PN21386,159.009999999999991,160.000000000000000,Beneficiary: IDL Endowment,"1","100.00% Public School (Indemnity, Schools, Common Schools)",PS,GISDATAOWNER,2023/12/13 22:07:46.000,GISDATAOWNER,2023/12/13 22:07:46.000,643494.198278540046886,4009.735938240472933,{31BE911C-305C-4C4C-8B17-EF54A7FB92E9}
696024,PN21387,253.620000000000005,253.409999999999997,Beneficiary: IDL Endowment,"1","100.00% Public School (Indemnity, Schools, Common Schools)",PS,GISDATAOWNER,2023/12/13 22:07:46.000,GISDATAOWNER,2023/12/13 22:07:46.000,1026379.580808975035325,6292.568820220662019,{247E16B6-0837-4850-85E1-EF74A6E7126E}
696031,PN21399,120.459999999999994,120.000000000000000,Beneficiary: IDL Endowment,"1","100.00% Public School (Indemnity, Schools, Common Schools)",PS,GISDATAOWNER,2023/12/13 22:07:46.000,GISDATAOWNER,2023/12/13 22:07:46.000,487475.493061389948707,3224.847148439251669,{26F3B067-7E42-4A95-875A-C0391CE4460A}
696040,PN21417,167.659999999999997,172.949999999999989,Beneficiary: IDL Endowment,"1","100.00% Public School (Indemnity, Schools, Common Schools)",PS,GISDATAOWNER,2023/12/13 22:07:46.000,GISDATAOWNER,2023/12/13 22:07:46.000,678492.475444769952446,4351.150380698061781,{C298A742-5063-4167-8229-B958BF3B1B49}
696046,PN21427,2.060000000000000,1.070000000000000,Beneficiary: IDL Endowment,"1","100.00% Public School (Indemnity, Schools, Common Schools)",PS,GISDATAOWNER,2023/12/13 22:07:46.000,GISDATAOWNER,2023/12/13 22:07:46.000,8343.640318660000048,1038.211734904971081,{D0A93F54-66BF-4626-B458-71777F81F86E}
696047,PN21429,40.600000000000001,40.000000000000000,Beneficiary: IDL Endowment,"1","100.00% Public School (Indemnity, Schools, Common Schools)",PS,GISDATAOWNER,2023/12/13 22:07:46.000,GISDATAOWNER,2023/12/13 22:07:46.000,164301.654115865007043,1621.448056956102846,{47C90C94-8747-46A2-8DE7-52DA61AC69EC}
696048,PN21430,81.109999999999999,80.000000000000000,Beneficiary: IDL Endowment,"1","100.00% Public School (Indemnity, Schools, Common Schools)",PS,GISDATAOWNER,2023/12/13 22:07:46.000,GISDATAOWNER,2023/12/13 22:07:46.000,328252.498694355017506,2430.579065823028941,{442902D0-C216-401B-B0F4-027425ACE782}
696064,PN21453,77.790000000000006,80.000000000000000,Beneficiary: IDL Endowment,"1","100.00% Public School (Indemnity, Schools, Common Schools)",PS,GISDATAOWNER,2023/12/13 22:07:46.000,GISDATAOWNER,2023/12/13 22:07:46.000,314786.509537955047563,2376.750166499102306,{D3BCF23B-D781-4458-AF87-97A1E233B082}
696068,PN21463,56.750000000000000,59.759999999999998,Beneficiary: IDL Endowment,"1","100.00% Public School (Indemnity, Schools, Common Schools)",PS,GISDATAOWNER,2023/12/13 22:07:46.000,GISDATAOWNER,2023/12/13 22:07:46.000,229655.141278989962302,2171.490577154378116,{47644473-79D5-46B6-BC98-E9DCA6302A75}
696447,PN22976,40.210000000000001,40.000000000000000,Beneficiary: IDL Endowment,"4",100.00% Normal School,NS,GISDATAOWNER,2023/12/13 22:07:46.000,GISDATAOWNER,2023/12/13 22:07:46.000,162708.084762765007326,1613.512328177245081,{0AF7B4F6-3A92-4826-8385-21C2DE3FC2C5}
696518,PN23815,1.460000000000000,,Beneficiary: Other State Agency,"15",100.00% Dept. of Fish and Game,MFG,GISDATAOWNER,2023/12/13 22:07:46.000,GISDATAOWNER,2023/12/13 22:07:46.000,5895.936011460000373,591.267324726111951,{215FE560-CFB5-45EF-95B4-AA28B4C67A7F}
696519,PN23821,1.880000000000000,,Beneficiary: Other State Agency,"15",100.00% Dept. of Fish and Game,MFG,GISDATAOWNER,2023/12/13 22:07:46.000,GISDATAOWNER,2023/12/13 22:07:46.000,7589.985543394999695,658.818248065157036,{1E147685-61C1-416F-B069-5BF6691E5D2B}
696542,PN24089,1.080000000000000,,Beneficiary: Other State Agency,"16",100.00% Dept. of Health and Welfare,MHW,GISDATAOWNER,2023/12/13 22:07:46.000,GISDATAOWNER,2023/12/13 22:07:46.000,4362.703522755000449,325.503866219112183,{6B4DE4A1-7E87-47D7-A093-CCD35F9EE41D}
696543,PN24090,80.420000000000002,,Beneficiary: Other State Agency,"16",100.00% Dept. of Health and Welfare,MHW,GISDATAOWNER,2023/12/13 22:07:46.000,GISDATAOWNER,2023/12/13 22:07:46.000,325430.701397429977078,3326.087274155969681,{30907387-6F6F-4EEC-BD31-BA41C9D9477C}
697005,PN22776,82.290000000000006,80.000000000000000,Beneficiary: IDL Endowment,"2",100.00% Agricultural College,AC,GISDATAOWNER,2023/12/13 22:07:46.000,GISDATAOWNER,2023/12/13 22:07:46.000,333028.930060149985366,2453.822103339106434,{A0D643BC-3DEB-494A-B00E-D897190B7EAF}
697006,PN22777,239.120000000000005,240.000000000000000,Beneficiary: IDL Endowment,"2",100.00% Agricultural College,AC,GISDATAOWNER,2023/12/13 22:07:46.000,GISDATAOWNER,2023/12/13 22:07:46.000,967674.334374750033021,4002.372364767428280,{44DA374F-A99F-4BCF-9740-5D64C0E532B6}
697007,PN22778,25.350000000000001,24.430000000000000,Beneficiary: IDL Endowment,"2",100.00% Agricultural College,AC,GISDATAOWNER,2023/12/13 22:07:46.000,GISDATAOWNER,2023/12/13 22:07:46.000,102598.713257769995835,1397.222569345440661,{AA272990-B491-407A-8B9B-1DD4472D5F28}
697107,PN22972,80.739999999999995,80.000000000000000,Beneficiary: IDL Endowment,"4",100.00% Normal School,NS,GISDATAOWNER,2023/12/13 22:07:46.000,GISDATAOWNER,2023/12/13 22:07:46.000,326757.719269549997989,2429.804713389364679,{F26C3357-2338-4F00-A60A-D4F7E3F6BA85}
697201,PN23542,3.000000000000000,3.100000000000000,Beneficiary: IDL Endowment,"10",100.00% General Fund,GF,GISDATAOWNER,2023/12/13 22:07:46.000,GISDATAOWNER,2023/12/13 22:07:46.000,12129.222252789999402,568.900618671652637,{56BA44DB-DD6A-4ADF-8C62-C068F9FAC527}
697203,PN23563,0.960000000000000,0.960000000000000,Beneficiary: IDL Endowment,"11",100.00% Forest Purposes (Dept. of Forestry),O,GISDATAOWNER,2023/12/13 22:07:46.000,GISDATAOWNER,2023/12/13 22:07:46.000,3904.589535919999889,268.268423667143225,{D1C1CFFE-9F2C-4024-BA0A-CF22BE9919BD}
697217,PN23808,6.480000000000000,4.990000000000000,Beneficiary: Other State Agency,"15",100.00% Dept. of Fish and Game,MFG,GISDATAOWNER,2023/12/13 22:07:46.000,GISDATAOWNER,2023/12/13 22:07:46.000,26243.757961219998833,698.052574680605858,{EF3FB33E-8440-4BB6-97E0-1F034072866B}
697218,PN23812,0.010000000000000,,Beneficiary: Other State Agency,"15",100.00% Dept. of Fish and Game,MFG,GISDATAOWNER,2023/12/13 22:07:46.000,GISDATAOWNER,2023/12/13 22:07:46.000,54.528107980000001,91.239409223004103,{6BD29F3D-1822-4550-9E28-1EA4CB9D834F}
697219,PN23814,0.360000000000000,,Beneficiary: Other State Agency,"15",100.00% Dept. of Fish and Game,MFG,GISDATAOWNER,2023/12/13 22:07:46.000,GISDATAOWNER,2023/12/13 22:07:46.000,1463.543885300000056,161.568953787479870,{DE181696-A7B8-4A06-B6B2-B3B251F4E399}
697220,PN23826,5.940000000000000,,Beneficiary: Other State Agency,"15",100.00% Dept. of Fish and Game,MFG,GISDATAOWNER,2023/12/13 22:07:46.000,GISDATAOWNER,2023/12/13 22:07:46.000,24052.200110990001122,930.241261756450740,{568018FF-DD2D-49F4-9E4E-15B1879D13D8}
697221,PN23828,0.800000000000000,,Beneficiary: Other State Agency,"15",100.00% Dept. of Fish and Game,MFG,GISDATAOWNER,2023/12/13 22:07:46.000,GISDATAOWNER,2023/12/13 22:07:46.000,3252.990173615000003,384.472989183031018,{0703B1E2-7AAF-438A-AC9D-C0629FA6B77B}
697485,PN23544,40.259999999999998,40.000000000000000,Beneficiary: IDL Endowment,"10",100.00% General Fund,GF,GISDATAOWNER,2023/12/13 22:07:46.000,GISDATAOWNER,2023/12/13 22:07:46.000,162934.270491595001658,1614.623098986040532,{94041340-7869-418B-87A1-EDCB26B57509}
697490,PN23554,15.310000000000000,,Beneficiary: IDL Endowment,"10",100.00% General Fund,GF,GISDATAOWNER,2023/12/13 22:07:46.000,GISDATAOWNER,2023/12/13 22:07:46.000,61962.955637464998290,1037.979940368095185,{78E76D3F-BE7F-4812-AEB3-9DFDEB326294}
697491,PN23556,3.150000000000000,3.230000000000000,Beneficiary: IDL Endowment,"11",100.00% Forest Purposes (Dept. of Forestry),O,GISDATAOWNER,2023/12/13 22:07:46.000,GISDATAOWNER,2023/12/13 22:07:46.000,12758.963048255000103,461.517449238259985,{8EBB8709-F32F-4548-8E99-F7FE6EA78D0A}
697583,PN23702,3.640000000000000,3.250000000000000,Beneficiary: Other State Agency,"15",100.00% Dept. of Fish and Game,MFG,GISDATAOWNER,2023/12/13 22:07:46.000,GISDATAOWNER,2023/12/13 22:07:46.000,14714.600980004999656,633.893777562733362,{4427867E-E8D8-4A41-90A7-B4C1CD500F98}
697584,PN23703,0.230000000000000,0.220000000000000,Beneficiary: Other State Agency,"15",100.00% Dept. of Fish and Game,MFG,GISDATAOWNER,2023/12/13 22:07:46.000,GISDATAOWNER,2023/12/13 22:07:46.000,928.372739544999945,121.876900061175974,{80AD48FC-DE34-49E3-A7DB-3C6EACCAE011}
697585,PN23704,0.690000000000000,0.660000000000000,Beneficiary: Other State Agency,"15",100.00% Dept. of Fish and Game,MFG,GISDATAOWNER,2023/12/13 22:07:46.000,GISDATAOWNER,2023/12/13 22:07:46.000,2788.939726884999800,243.875300155671965,{0194F347-D638-4D5C-BFDA-EB00698AA080}
697627,PN23766,120.530000000000001,120.390000000000001,Beneficiary: Other State Agency,"15",100.00% Dept. of Fish and Game,MFG,GISDATAOWNER,2023/12/13 22:07:46.000,GISDATAOWNER,2023/12/13 22:07:46.000,487779.174914475006517,3237.080418994803495,{B3A0FCE9-C0BC-4B4A-AED5-A36D3905263D}
697628,PN23767,157.219999999999999,159.300000000000011,Beneficiary: Other State Agency,"15",100.00% Dept. of Fish and Game,MFG,GISDATAOWNER,2023/12/13 22:07:46.000,GISDATAOWNER,2023/12/13 22:07:46.000,636229.847774039953947,3251.047657701926255,{763E98CD-6430-469F-9699-FFB5C3DA85E5}
697629,PN23769,1.820000000000000,,Beneficiary: Other State Agency,"15",100.00% Dept. of Fish and Game,MFG,GISDATAOWNER,2023/12/13 22:07:46.000,GISDATAOWNER,2023/12/13 22:07:46.000,7352.137899199999993,347.710777818874135,{E4DD4D63-01E9-4D69-9EC4-1E15DBD66A32}
697651,PN23809,2.260000000000000,4.960000000000000,Beneficiary: Other State Agency,"15",100.00% Dept. of Fish and Game,MFG,GISDATAOWNER,2023/12/13 22:07:46.000,GISDATAOWNER,2023/12/13 22:07:46.000,9156.261642269999356,451.679844897628755,{4D9390FA-0059-430D-A097-6FF1CA5BC37A}
697654,PN23813,0.490000000000000,,Beneficiary: Other State Agency,"15",100.00% Dept. of Fish and Game,MFG,GISDATAOWNER,2023/12/13 22:07:46.000,GISDATAOWNER,2023/12/13 22:07:46.000,2000.099576274999890,204.453464917998701,{0E67FFAE-301D-4863-8585-719D8CC25382}
697656,PN23820,2.250000000000000,2.220000000000000,Beneficiary: Other State Agency,"15",100.00% Dept. of Fish and Game,MFG,GISDATAOWNER,2023/12/13 22:07:46.000,GISDATAOWNER,2023/12/13 22:07:46.000,9107.126111550000132,688.537726209496100,{AEA5FA7D-1133-4C25-8F32-7910E2A0E757}
697657,PN23823,5.160000000000000,,Beneficiary: Other State Agency,"15",100.00% Dept. of Fish and Game,MFG,GISDATAOWNER,2023/12/13 22:07:46.000,GISDATAOWNER,2023/12/13 22:07:46.000,20875.753481330000795,1904.756860279003604,{6CEDF9C7-09DF-410D-8C04-31ADB51326FE}
697658,PN23824,0.040000000000000,,Beneficiary: Other State Agency,"15",100.00% Dept. of Fish and Game,MFG,GISDATAOWNER,2023/12/13 22:07:46.000,GISDATAOWNER,2023/12/13 22:07:46.000,172.988399074999990,76.601609685973443,{46CAA24B-CFFA-4F4A-97EB-9DC15077BA19}
697659,PN23825,7.900000000000000,,Beneficiary: Other State Agency,"15",100.00% Dept. of Fish and Game,MFG,GISDATAOWNER,2023/12/13 22:07:46.000,GISDATAOWNER,2023/12/13 22:07:46.000,31977.107408589999977,996.949198889915237,{5DEBFD01-055A-41C4-AC3B-6FCFACEE3C8F}
697660,PN23829,1.040000000000000,1.400000000000000,Beneficiary: Other State Agency,"15",100.00% Dept. of Fish and Game,MFG,GISDATAOWNER,2023/12/13 22:07:46.000,GISDATAOWNER,2023/12/13 22:07:46.000,4198.072610354999597,262.571852562247614,{727D4126-9F4F-42CA-82E0-2685522F20FD}
697661,PN23831,0.440000000000000,,Beneficiary: Other State Agency,"15",100.00% Dept. of Fish and Game,MFG,GISDATAOWNER,2023/12/13 22:07:46.000,GISDATAOWNER,2023/12/13 22:07:46.000,1787.756316310000102,255.583248197722241,{FFD0C1F6-8A5A-4507-B24C-CD2102736BD1}
697866,PN24196,18.250000000000000,16.750000000000000,Beneficiary: Other State Agency,"18",100.00% Dept. of Transportation,MT,GISDATAOWNER,2023/12/13 22:07:46.000,GISDATAOWNER,2023/12/13 22:07:46.000,73874.438337729996420,3302.780600820839936,{DF92AA50-AE03-465D-81B1-DDB5BC98DE12}
697874,PN24208,4.980000000000000,5.200000000000000,Beneficiary: Other State Agency,"19",100.00% Dept. of Military,MM,GISDATAOWNER,2023/12/13 22:07:46.000,GISDATAOWNER,2023/12/13 22:07:46.000,20138.387404339999193,772.129762011981938,{39DEF72B-9C12-49FD-80D2-D335A7C0FEE5}
697906,PN25182,0.190000000000000,,Beneficiary: Other State Agency,"15",100.00% Dept. of Fish and Game,MFG,GISDATAOWNER,2023/12/13 22:07:46.000,GISDATAOWNER,2023/12/13 22:07:46.000,749.086031475000027,148.149525048719937,{63E07A6B-18FD-4479-9792-8BF8DA7DE2B5}
698446,PN21417,1.290000000000000,172.949999999999989,Beneficiary: IDL Endowment,"1","100.00% Public School (Indemnity, Schools, Common Schools)",PS,GISDATAOWNER,2023/12/13 22:07:46.000,GISDATAOWNER,2023/12/13 22:07:46.000,5223.435002199999872,865.294834520400968,{2185C9D3-E43F-4D5F-8B16-C9F579C315D8}
698501,PN25957,13.890000000000001,,Beneficiary: IDL Endowment,"11",100.00% Forest Purposes (Dept. of Forestry),O,GISDATAOWNER,2023/12/13 22:07:46.000,GISDATAOWNER,2023/12/13 22:07:46.000,56206.765629820001777,1131.016267891205644,{97A857E7-06B6-480F-88BA-9807E9CB2338}
688492,PN9299,641.320000000000050,640.000000000000000,Beneficiary: IDL Endowment,"1","100.00% Public School (Indemnity, Schools, Common Schools)",PS,GISDATAOWNER,2023/12/13 22:07:46.000,GISDATAOWNER,2023/12/13 22:07:46.000,2595358.800958099775016,6444.085476610335718,{A3DADE00-E5FA-49F0-95DA-90644FFCFE84}
688602,PN9425,646.809999999999945,640.000000000000000,Beneficiary: IDL Endowment,"1","100.00% Public School (Indemnity, Schools, Common Schools)",PS,GISDATAOWNER,2023/12/13 22:07:46.000,GISDATAOWNER,2023/12/13 22:07:46.000,2617538.966873310040683,6471.258156418347426,{AF17C7BC-94B1-4531-AF46-67704C52D1C9}
688638,PN9461,137.750000000000000,138.280000000000001,Beneficiary: IDL Endowment,"1","100.00% Public School (Indemnity, Schools, Common Schools)",PS,GISDATAOWNER,2023/12/13 22:07:46.000,GISDATAOWNER,2023/12/13 22:07:46.000,557447.182526819990017,3935.350226814850430,{BF9B8979-E6D3-4BD1-8882-AAA2A1131A7C}
